2018-11-13 12:38:10,"RT @SitaramYechury: These are questions the CAG, Supreme Court and CBI should answer. Not the French CEO of a company making money on thisâ€¦",[],[u'@SitaramYechury:'],[]
2018-11-13 12:38:01,RT @ippatel: Now J&amp;K is under the Governor Rule so @HMOIndia can order CBI or SIT Investigation of Kashmiri Hindus Genocide. Affected familâ€¦,[],"[u'@ippatel:', u'@HMOIndia']",[]
2018-11-13 12:37:59,Plans to microchip UK workers spark privacy concerns https://t.co/VY0uSzoK1k,[],[],[u'https://t.co/VY0uSzoK1k']
2018-11-13 12:37:58,RT @ippatel: Now J&amp;K is under the Governor Rule so @HMOIndia can order CBI or SIT Investigation of Kashmiri Hindus Genocide. Affected familâ€¦,[],"[u'@ippatel:', u'@HMOIndia']",[]
2018-11-13 12:37:57,RT @ippatel: Now J&amp;K is under the Governor Rule so @HMOIndia can order CBI or SIT Investigation of Kashmiri Hindus Genocide. Affected familâ€¦,[],"[u'@ippatel:', u'@HMOIndia']",[]
2018-11-13 12:37:56,"RT @nikhil_thatte: Just a reminder- It's been 95 days since 8 crude bombs, gelatin sticks &amp; explosives were seized from Hindu terrorists' lâ€¦",[],[u'@nikhil_thatte:'],[]
2018-11-13 12:37:48,RT @ippatel: Now J&amp;K is under the Governor Rule so @HMOIndia can order CBI or SIT Investigation of Kashmiri Hindus Genocide. Affected familâ€¦,[],"[u'@ippatel:', u'@HMOIndia']",[]
2018-11-13 12:37:47,RT @ippatel: Now J&amp;K is under the Governor Rule so @HMOIndia can order CBI or SIT Investigation of Kashmiri Hindus Genocide. Affected familâ€¦,[],"[u'@ippatel:', u'@HMOIndia']",[]
2018-11-13 12:37:46,RT @ippatel: Now J&amp;K is under the Governor Rule so @HMOIndia can order CBI or SIT Investigation of Kashmiri Hindus Genocide. Affected familâ€¦,[],"[u'@ippatel:', u'@HMOIndia']",[]
2018-11-13 12:37:46,"RT @nikhil_thatte: Just a reminder- It's been 95 days since 8 crude bombs, gelatin sticks &amp; explosives were seized from Hindu terrorists' lâ€¦",[],[u'@nikhil_thatte:'],[]
2018-11-13 12:37:38,RT @ippatel: Now J&amp;K is under the Governor Rule so @HMOIndia can order CBI or SIT Investigation of Kashmiri Hindus Genocide. Affected familâ€¦,[],"[u'@ippatel:', u'@HMOIndia']",[]
2018-11-13 12:37:33,RT @ippatel: Now J&amp;K is under the Governor Rule so @HMOIndia can order CBI or SIT Investigation of Kashmiri Hindus Genocide. Affected familâ€¦,[],"[u'@ippatel:', u'@HMOIndia']",[]
2018-11-13 12:37:30,RT @graceblakeley: Another thing Marx was right about - the reification of commodities and the commodification of workers https://t.co/070iâ€¦,[],[u'@graceblakeley:'],[u'https://t.co/070i\u2026']
2018-11-13 12:37:14,RT @graceblakeley: Another thing Marx was right about - the reification of commodities and the commodification of workers https://t.co/070iâ€¦,[],[u'@graceblakeley:'],[u'https://t.co/070i\u2026']
2018-11-13 12:37:05,"RT @premnsikka: Plans to microchip UK workers spark privacy concerns. Is this the path to new forms of slavery?

https://t.co/lt3ltspCZQ",[],[u'@premnsikka:'],[]
2018-11-13 12:37:05,RT @MinhazMerchant: Odd that CJI berates #CVC for one hourâ€™s delay in submitting report on #CBI director #AlokVerma when SC adjourns hearinâ€¦,"[u'#CVC', u'#CBI', u'#AlokVerma']",[u'@MinhazMerchant:'],[]
2018-11-13 12:37:03,RT @ippatel: Now J&amp;K is under the Governor Rule so @HMOIndia can order CBI or SIT Investigation of Kashmiri Hindus Genocide. Affected familâ€¦,[],"[u'@ippatel:', u'@HMOIndia']",[]
2018-11-13 12:36:56,RT @DCBMEP: EU-funded CBI skewered by the ever well briefed @afneil - up to Â£40bn taxes big business should be paying lost to our schools aâ€¦,[],"[u'@DCBMEP:', u'@afneil']",[]
2018-11-13 12:36:55,RT @MinhazMerchant: Odd that CJI berates #CVC for one hourâ€™s delay in submitting report on #CBI director #AlokVerma when SC adjourns hearinâ€¦,"[u'#CVC', u'#CBI', u'#AlokVerma']",[u'@MinhazMerchant:'],[]
2018-11-13 12:36:55,RT @ndtv: CBI files case against its Deputy Legal Advisor Beena Raizada for forging the signatures of head of the branch in her annual apprâ€¦,[],[u'@ndtv:'],[]
2018-11-13 12:36:54,RT @MinhazMerchant: Odd that CJI berates #CVC for one hourâ€™s delay in submitting report on #CBI director #AlokVerma when SC adjourns hearinâ€¦,"[u'#CVC', u'#CBI', u'#AlokVerma']",[u'@MinhazMerchant:'],[]
2018-11-13 12:36:54,"RT @MyFellowIndians: So after 
EC
ED
RBI
CBI
now even CAG has been infiltrated by @narendramodi

He is not just destroying one institutionâ€¦",[],"[u'@MyFellowIndians:', u'@narendramodi\n\nHe']",[]
2018-11-13 12:36:41,"@bhuvikal @RahulEaswar What's there so much to learn from him? From Lalit, Mallya, Nirav to Choksi, Rafale to CBI nâ€¦ https://t.co/I6SUCgRkyv",[],"[u'@bhuvikal', u'@RahulEaswar']",[u'https://t.co/I6SUCgRkyv']
2018-11-13 12:36:36,"RT @nikhil_thatte: Just a reminder- It's been 95 days since 8 crude bombs, gelatin sticks &amp; explosives were seized from Hindu terrorists' lâ€¦",[],[u'@nikhil_thatte:'],[]
2018-11-13 12:36:34,RT @ANI: Central Bureau of Investigation (CBI) has filed an application in Pune Session Court today seeking permission to add Unlawful Actiâ€¦,[],[u'@ANI:'],[]
2018-11-13 12:36:21,"RT @premnsikka: Plans to microchip UK workers spark privacy concerns. Is this the path to new forms of slavery?

https://t.co/lt3ltspCZQ",[],[u'@premnsikka:'],[]
2018-11-13 12:36:15,"RT @MiriamBrett: â€˜The chips, which are about the size of a grain of rice, are usually implanted beneath the skin...â€™ What a horrifying direâ€¦",[],[u'@MiriamBrett:'],[]
2018-11-13 12:36:04,"So after 
EC, ED, RBI, CBI
now even CAG has been infiltrated by Narendra Modi...",[],[],[]
2018-11-13 12:36:02,RT @MinhazMerchant: Odd that CJI berates #CVC for one hourâ€™s delay in submitting report on #CBI director #AlokVerma when SC adjourns hearinâ€¦,"[u'#CVC', u'#CBI', u'#AlokVerma']",[u'@MinhazMerchant:'],[]
2018-11-13 12:36:01,"RT @KapilSibalteam: Modiji promised a transparent government but destroyed institutions like CBI to hide his crimes

He promised Bullet traâ€¦",[],[u'@KapilSibalteam:'],[]
2018-11-13 12:35:58,RT @DCBMEP: EU-funded CBI skewered by the ever well briefed @afneil - up to Â£40bn taxes big business should be paying lost to our schools aâ€¦,[],"[u'@DCBMEP:', u'@afneil']",[]
2018-11-13 12:35:56,RT @ippatel: Now J&amp;K is under the Governor Rule so @HMOIndia can order CBI or SIT Investigation of Kashmiri Hindus Genocide. Affected familâ€¦,[],"[u'@ippatel:', u'@HMOIndia']",[]
2018-11-13 12:35:52,RT @ippatel: Now J&amp;K is under the Governor Rule so @HMOIndia can order CBI or SIT Investigation of Kashmiri Hindus Genocide. Affected familâ€¦,[],"[u'@ippatel:', u'@HMOIndia']",[]
2018-11-13 12:35:50,"RT @SitaramYechury: These are questions the CAG, Supreme Court and CBI should answer. Not the French CEO of a company making money on thisâ€¦",[],[u'@SitaramYechury:'],[]
2018-11-13 12:35:48,RT @ippatel: Now J&amp;K is under the Governor Rule so @HMOIndia can order CBI or SIT Investigation of Kashmiri Hindus Genocide. Affected familâ€¦,[],"[u'@ippatel:', u'@HMOIndia']",[]
2018-11-13 12:35:45,"RT @Business4PV: 8 out of 10 firms say Brexit is having a negative impact on investment 
â€œProtecting jobs and peopleâ€™s livelihoods from a lâ€¦",[],[u'@Business4PV:'],[]
2018-11-13 12:35:45,RT @MinhazMerchant: Odd that CJI berates #CVC for one hourâ€™s delay in submitting report on #CBI director #AlokVerma when SC adjourns hearinâ€¦,"[u'#CVC', u'#CBI', u'#AlokVerma']",[u'@MinhazMerchant:'],[]
2018-11-13 12:35:44,RT @MinhazMerchant: Odd that CJI berates #CVC for one hourâ€™s delay in submitting report on #CBI director #AlokVerma when SC adjourns hearinâ€¦,"[u'#CVC', u'#CBI', u'#AlokVerma']",[u'@MinhazMerchant:'],[]
2018-11-13 12:35:42,RT @ippatel: Now J&amp;K is under the Governor Rule so @HMOIndia can order CBI or SIT Investigation of Kashmiri Hindus Genocide. Affected familâ€¦,[],"[u'@ippatel:', u'@HMOIndia']",[]
2018-11-13 12:35:37,RT @ippatel: Now J&amp;K is under the Governor Rule so @HMOIndia can order CBI or SIT Investigation of Kashmiri Hindus Genocide. Affected familâ€¦,[],"[u'@ippatel:', u'@HMOIndia']",[]
2018-11-13 12:35:26,RT @MinhazMerchant: Odd that CJI berates #CVC for one hourâ€™s delay in submitting report on #CBI director #AlokVerma when SC adjourns hearinâ€¦,"[u'#CVC', u'#CBI', u'#AlokVerma']",[u'@MinhazMerchant:'],[]
2018-11-13 12:35:08,RT @ippatel: Now J&amp;K is under the Governor Rule so @HMOIndia can order CBI or SIT Investigation of Kashmiri Hindus Genocide. Affected familâ€¦,[],"[u'@ippatel:', u'@HMOIndia']",[]
2018-11-13 12:35:07,"RT @MiriamBrett: â€˜The chips, which are about the size of a grain of rice, are usually implanted beneath the skin...â€™ What a horrifying direâ€¦",[],[u'@MiriamBrett:'],[]
2018-11-13 12:35:04,WTF?????!!!! British organisations alarmed over microchipping | HRreview https://t.co/DjQNL4tXmR #CareerCoach,[u'#CareerCoach'],[],[u'https://t.co/DjQNL4tXmR']
2018-11-13 12:34:59,RT @ippatel: Now J&amp;K is under the Governor Rule so @HMOIndia can order CBI or SIT Investigation of Kashmiri Hindus Genocide. Affected familâ€¦,[],"[u'@ippatel:', u'@HMOIndia']",[]
2018-11-13 12:34:50,RT @ippatel: Now J&amp;K is under the Governor Rule so @HMOIndia can order CBI or SIT Investigation of Kashmiri Hindus Genocide. Affected familâ€¦,[],"[u'@ippatel:', u'@HMOIndia']",[]
2018-11-13 12:34:48,RT @kailashwg: @aakuraj @goyalsanjeev @rajalakshmij @HinduDharma1 @Swamy39 @pbhushan1 @YashwantSinha @PMOIndia @BJP4India @jagdishshetty @Mâ€¦,[],"[u'@kailashwg:', u'@aakuraj', u'@goyalsanjeev', u'@rajalakshmij', u'@HinduDharma1', u'@Swamy39', u'@pbhushan1', u'@YashwantSinha', u'@PMOIndia', u'@BJP4India', u'@jagdishshetty', u'@M\u2026']",[]
2018-11-13 12:34:48,RT @ippatel: Now J&amp;K is under the Governor Rule so @HMOIndia can order CBI or SIT Investigation of Kashmiri Hindus Genocide. Affected familâ€¦,[],"[u'@ippatel:', u'@HMOIndia']",[]
2018-11-13 12:34:47,RT @ippatel: Now J&amp;K is under the Governor Rule so @HMOIndia can order CBI or SIT Investigation of Kashmiri Hindus Genocide. Affected familâ€¦,[],"[u'@ippatel:', u'@HMOIndia']",[]
2018-11-13 12:34:40,RT @MinhazMerchant: Odd that CJI berates #CVC for one hourâ€™s delay in submitting report on #CBI director #AlokVerma when SC adjourns hearinâ€¦,"[u'#CVC', u'#CBI', u'#AlokVerma']",[u'@MinhazMerchant:'],[]
2018-11-13 12:34:38,RT @ippatel: Now J&amp;K is under the Governor Rule so @HMOIndia can order CBI or SIT Investigation of Kashmiri Hindus Genocide. Affected familâ€¦,[],"[u'@ippatel:', u'@HMOIndia']",[]
2018-11-13 12:34:36,RT @ippatel: Now J&amp;K is under the Governor Rule so @HMOIndia can order CBI or SIT Investigation of Kashmiri Hindus Genocide. Affected familâ€¦,[],"[u'@ippatel:', u'@HMOIndia']",[]
2018-11-13 12:34:32,RT @ippatel: Now J&amp;K is under the Governor Rule so @HMOIndia can order CBI or SIT Investigation of Kashmiri Hindus Genocide. Affected familâ€¦,[],"[u'@ippatel:', u'@HMOIndia']",[]
2018-11-13 12:34:28,RT @ippatel: Now J&amp;K is under the Governor Rule so @HMOIndia can order CBI or SIT Investigation of Kashmiri Hindus Genocide. Affected familâ€¦,[],"[u'@ippatel:', u'@HMOIndia']",[]
2018-11-13 12:34:19,RT @ippatel: Now J&amp;K is under the Governor Rule so @HMOIndia can order CBI or SIT Investigation of Kashmiri Hindus Genocide. Affected familâ€¦,[],"[u'@ippatel:', u'@HMOIndia']",[]
2018-11-13 12:34:14,RT @ippatel: Now J&amp;K is under the Governor Rule so @HMOIndia can order CBI or SIT Investigation of Kashmiri Hindus Genocide. Affected familâ€¦,[],"[u'@ippatel:', u'@HMOIndia']",[]
2018-11-13 12:34:14,"RT @innesmck: i think the fuck not

https://t.co/AcqICdZS6a https://t.co/dM5ZaRmQDN",[],[u'@innesmck:'],[u'https://t.co/dM5ZaRmQDN']
2018-11-13 12:34:10,RT @MinhazMerchant: Odd that CJI berates #CVC for one hourâ€™s delay in submitting report on #CBI director #AlokVerma when SC adjourns hearinâ€¦,"[u'#CVC', u'#CBI', u'#AlokVerma']",[u'@MinhazMerchant:'],[]
2018-11-13 12:34:10,RT @pbhushan1: The law is finally catching up with former BJP Minister &amp; mining mafia Janardan Reddy. He is arrested for trying to bribe EDâ€¦,[],[u'@pbhushan1:'],[]
2018-11-13 12:34:01,RT @MinhazMerchant: Odd that CJI berates #CVC for one hourâ€™s delay in submitting report on #CBI director #AlokVerma when SC adjourns hearinâ€¦,"[u'#CVC', u'#CBI', u'#AlokVerma']",[u'@MinhazMerchant:'],[]
2018-11-13 12:33:57,RT @MinhazMerchant: Odd that CJI berates #CVC for one hourâ€™s delay in submitting report on #CBI director #AlokVerma when SC adjourns hearinâ€¦,"[u'#CVC', u'#CBI', u'#AlokVerma']",[u'@MinhazMerchant:'],[]
2018-11-13 12:33:54,"RT @KapilSibal: Toxic air killing our children ( over 1.25 lakh children below 5 died in 2016 )

Toxic politics killing our institutions (â€¦",[],[u'@KapilSibal:'],[]
2018-11-13 12:33:51,RT @ippatel: Now J&amp;K is under the Governor Rule so @HMOIndia can order CBI or SIT Investigation of Kashmiri Hindus Genocide. Affected familâ€¦,[],"[u'@ippatel:', u'@HMOIndia']",[]
2018-11-13 12:33:50,RT @MinhazMerchant: Odd that CJI berates #CVC for one hourâ€™s delay in submitting report on #CBI director #AlokVerma when SC adjourns hearinâ€¦,"[u'#CVC', u'#CBI', u'#AlokVerma']",[u'@MinhazMerchant:'],[]
2018-11-13 12:33:47,"RT @MiriamBrett: â€˜The chips, which are about the size of a grain of rice, are usually implanted beneath the skin...â€™ What a horrifying direâ€¦",[],[u'@MiriamBrett:'],[]
2018-11-13 12:33:36,RT @ippatel: Now J&amp;K is under the Governor Rule so @HMOIndia can order CBI or SIT Investigation of Kashmiri Hindus Genocide. Affected familâ€¦,[],"[u'@ippatel:', u'@HMOIndia']",[]
2018-11-13 12:33:25,RT @MinhazMerchant: Odd that CJI berates #CVC for one hourâ€™s delay in submitting report on #CBI director #AlokVerma when SC adjourns hearinâ€¦,"[u'#CVC', u'#CBI', u'#AlokVerma']",[u'@MinhazMerchant:'],[]
2018-11-13 12:33:23,@ndtv BJP have all the license to do whatever they want...from Judiciary to CBI... EC to IT...everything they twistâ€¦ https://t.co/PJbbR15AZz,[],[u'@ndtv'],[u'https://t.co/PJbbR15AZz']
2018-11-13 12:33:21,"RT @arvindgunasekar: CBI registers another case against its own official, agency books Beena Raizada, PP in CBI for forging HoBâ€™s signatureâ€¦",[],[u'@arvindgunasekar:'],[]
2018-11-13 12:33:21,RT @ippatel: Now J&amp;K is under the Governor Rule so @HMOIndia can order CBI or SIT Investigation of Kashmiri Hindus Genocide. Affected familâ€¦,[],"[u'@ippatel:', u'@HMOIndia']",[]
2018-11-13 12:33:20,"@RahulEaswar They never ordered a CBI inqury but Jj, sasi and their goons tried to put so many false implications -â€¦ https://t.co/s3TgIijNNp",[],[u'@RahulEaswar'],[u'https://t.co/s3TgIijNNp']
2018-11-13 12:33:18,RT @MinhazMerchant: Odd that CJI berates #CVC for one hourâ€™s delay in submitting report on #CBI director #AlokVerma when SC adjourns hearinâ€¦,"[u'#CVC', u'#CBI', u'#AlokVerma']",[u'@MinhazMerchant:'],[]
2018-11-13 12:33:12,RT @ippatel: Now J&amp;K is under the Governor Rule so @HMOIndia can order CBI or SIT Investigation of Kashmiri Hindus Genocide. Affected familâ€¦,[],"[u'@ippatel:', u'@HMOIndia']",[]
2018-11-13 12:33:10,RT @ippatel: Now J&amp;K is under the Governor Rule so @HMOIndia can order CBI or SIT Investigation of Kashmiri Hindus Genocide. Affected familâ€¦,[],"[u'@ippatel:', u'@HMOIndia']",[]
2018-11-13 12:33:08,RT @MinhazMerchant: Odd that CJI berates #CVC for one hourâ€™s delay in submitting report on #CBI director #AlokVerma when SC adjourns hearinâ€¦,"[u'#CVC', u'#CBI', u'#AlokVerma']",[u'@MinhazMerchant:'],[]
2018-11-13 12:33:07,RT @MinhazMerchant: Odd that CJI berates #CVC for one hourâ€™s delay in submitting report on #CBI director #AlokVerma when SC adjourns hearinâ€¦,"[u'#CVC', u'#CBI', u'#AlokVerma']",[u'@MinhazMerchant:'],[]
2018-11-13 12:33:02,RT @ippatel: Now J&amp;K is under the Governor Rule so @HMOIndia can order CBI or SIT Investigation of Kashmiri Hindus Genocide. Affected familâ€¦,[],"[u'@ippatel:', u'@HMOIndia']",[]
2018-11-13 12:32:59,RT @MinhazMerchant: Odd that CJI berates #CVC for one hourâ€™s delay in submitting report on #CBI director #AlokVerma when SC adjourns hearinâ€¦,"[u'#CVC', u'#CBI', u'#AlokVerma']",[u'@MinhazMerchant:'],[]
2018-11-13 12:32:57,RT @ippatel: Now J&amp;K is under the Governor Rule so @HMOIndia can order CBI or SIT Investigation of Kashmiri Hindus Genocide. Affected familâ€¦,[],"[u'@ippatel:', u'@HMOIndia']",[]
2018-11-13 12:32:54,RT @katageriad: CBI probe to investigate medical negligence?! R u kidding @narendramodi @PMOIndia ðŸ˜²ðŸ˜ž https://t.co/cRDR3QuTnB,[],"[u'@katageriad:', u'@narendramodi', u'@PMOIndia']",[u'https://t.co/cRDR3QuTnB']
2018-11-13 12:32:47,RT @ippatel: Now J&amp;K is under the Governor Rule so @HMOIndia can order CBI or SIT Investigation of Kashmiri Hindus Genocide. Affected familâ€¦,[],"[u'@ippatel:', u'@HMOIndia']",[]
2018-11-13 12:32:45,RT @ippatel: Now J&amp;K is under the Governor Rule so @HMOIndia can order CBI or SIT Investigation of Kashmiri Hindus Genocide. Affected familâ€¦,[],"[u'@ippatel:', u'@HMOIndia']",[]
2018-11-13 12:32:44,RT @ippatel: Now J&amp;K is under the Governor Rule so @HMOIndia can order CBI or SIT Investigation of Kashmiri Hindus Genocide. Affected familâ€¦,[],"[u'@ippatel:', u'@HMOIndia']",[]
2018-11-13 12:32:41,RT @ippatel: Now J&amp;K is under the Governor Rule so @HMOIndia can order CBI or SIT Investigation of Kashmiri Hindus Genocide. Affected familâ€¦,[],"[u'@ippatel:', u'@HMOIndia']",[]
2018-11-13 12:32:41,RT @ippatel: Now J&amp;K is under the Governor Rule so @HMOIndia can order CBI or SIT Investigation of Kashmiri Hindus Genocide. Affected familâ€¦,[],"[u'@ippatel:', u'@HMOIndia']",[]
2018-11-13 12:32:37,RT @ippatel: Now J&amp;K is under the Governor Rule so @HMOIndia can order CBI or SIT Investigation of Kashmiri Hindus Genocide. Affected familâ€¦,[],"[u'@ippatel:', u'@HMOIndia']",[]
2018-11-13 12:32:34,RT @MinhazMerchant: Odd that CJI berates #CVC for one hourâ€™s delay in submitting report on #CBI director #AlokVerma when SC adjourns hearinâ€¦,"[u'#CVC', u'#CBI', u'#AlokVerma']",[u'@MinhazMerchant:'],[]
2018-11-13 12:32:32,"RT @SitaramYechury: These are questions the CAG, Supreme Court and CBI should answer. Not the French CEO of a company making money on thisâ€¦",[],[u'@SitaramYechury:'],[]
2018-11-13 12:32:31,RT @bainjal: Dear @PMOIndia I know you take pride in doing everything for the 1st time. This is dubious 1st in the CBI's history. When areâ€¦,[],"[u'@bainjal:', u'@PMOIndia']",[]
2018-11-13 12:32:29,RT @ippatel: Now J&amp;K is under the Governor Rule so @HMOIndia can order CBI or SIT Investigation of Kashmiri Hindus Genocide. Affected familâ€¦,[],"[u'@ippatel:', u'@HMOIndia']",[]
2018-11-13 12:32:25,RT @ippatel: Now J&amp;K is under the Governor Rule so @HMOIndia can order CBI or SIT Investigation of Kashmiri Hindus Genocide. Affected familâ€¦,[],"[u'@ippatel:', u'@HMOIndia']",[]
2018-11-13 12:32:13,"@INCIndia @RahulGandhi @BJP4India @ZeeNewsHindi 2G, CWG,Jijaji, CoalG, Augusta, Adarsh, etc Where all these have goâ€¦ https://t.co/hZFDQl584d",[],"[u'@INCIndia', u'@RahulGandhi', u'@BJP4India', u'@ZeeNewsHindi']",[u'https://t.co/hZFDQl584d']
2018-11-13 12:32:12,This is ridiculous. The CBI spokesperson is holding darbar with some of his 'favourite'reporters inside the agencyâ€¦ https://t.co/7F2SwE9VtZ,[],[],[u'https://t.co/7F2SwE9VtZ']
2018-11-13 12:32:10,@girishalva Same as it was the emergency with CBI !!!,[],[u'@girishalva'],[]
2018-11-13 12:32:06,"RT @nikhil_thatte: Just a reminder- It's been 95 days since 8 crude bombs, gelatin sticks &amp; explosives were seized from Hindu terrorists' lâ€¦",[],[u'@nikhil_thatte:'],[]
2018-11-13 12:32:04,Now J&amp;K is under the Governor Rule so @HMOIndia can order CBI or SIT Investigation of Kashmiri Hindus Genocide. Affâ€¦ https://t.co/8OvArucakd,[],[u'@HMOIndia'],[u'https://t.co/8OvArucakd']
2018-11-13 12:31:48,"RT @nikhil_thatte: Just a reminder- It's been 95 days since 8 crude bombs, gelatin sticks &amp; explosives were seized from Hindu terrorists' lâ€¦",[],[u'@nikhil_thatte:'],[]
2018-11-13 12:31:47,"RT @innesmck: i think the fuck not

https://t.co/AcqICdZS6a https://t.co/dM5ZaRmQDN",[],[u'@innesmck:'],[u'https://t.co/dM5ZaRmQDN']
2018-11-13 12:31:36,"RT @nikhil_thatte: Just a reminder- It's been 95 days since 8 crude bombs, gelatin sticks &amp; explosives were seized from Hindu terrorists' lâ€¦",[],[u'@nikhil_thatte:'],[]
2018-11-13 12:31:30,RT @pbhushan1: The law is finally catching up with former BJP Minister &amp; mining mafia Janardan Reddy. He is arrested for trying to bribe EDâ€¦,[],[u'@pbhushan1:'],[]
2018-11-13 12:31:25,"CBI files case against its Deputy Legal Advisor for forgery
https://t.co/Vdwb4vvsMO https://t.co/KxADObsg33",[],[],[u'https://t.co/KxADObsg33']
2018-11-13 12:31:22,@uncannybal 5/5 HAL officers being raided have nothing to do with India's Rafale procurement. Just like CBI infightâ€¦ https://t.co/F5jBk1ViW0,[],[u'@uncannybal'],[u'https://t.co/F5jBk1ViW0']
2018-11-13 12:31:13,"RT @SitaramYechury: These are questions the CAG, Supreme Court and CBI should answer. Not the French CEO of a company making money on thisâ€¦",[],[u'@SitaramYechury:'],[]
2018-11-13 12:31:08,"RT @MiriamBrett: â€˜The chips, which are about the size of a grain of rice, are usually implanted beneath the skin...â€™ What a horrifying direâ€¦",[],[u'@MiriamBrett:'],[]
2018-11-13 12:31:06,RT @MinhazMerchant: Odd that CJI berates #CVC for one hourâ€™s delay in submitting report on #CBI director #AlokVerma when SC adjourns hearinâ€¦,"[u'#CVC', u'#CBI', u'#AlokVerma']",[u'@MinhazMerchant:'],[]
2018-11-13 12:30:58,"RT @SitaramYechury: These are questions the CAG, Supreme Court and CBI should answer. Not the French CEO of a company making money on thisâ€¦",[],[u'@SitaramYechury:'],[]
2018-11-13 12:30:56,"RT @SitaramYechury: These are questions the CAG, Supreme Court and CBI should answer. Not the French CEO of a company making money on thisâ€¦",[],[u'@SitaramYechury:'],[]
2018-11-13 12:30:46,"RT @SitaramYechury: These are questions the CAG, Supreme Court and CBI should answer. Not the French CEO of a company making money on thisâ€¦",[],[u'@SitaramYechury:'],[]
2018-11-13 12:30:38,"RT @ranganaathan: .@arunjaitley ji, CBI had requested to sanction prosecution of 4 @FinMinIndia officials in Aircel-Maxis FIPB clearance inâ€¦",[],"[u'@ranganaathan:', u'@FinMinIndia']",[]
2018-11-13 12:30:33,RT @MinhazMerchant: Odd that CJI berates #CVC for one hourâ€™s delay in submitting report on #CBI director #AlokVerma when SC adjourns hearinâ€¦,"[u'#CVC', u'#CBI', u'#AlokVerma']",[u'@MinhazMerchant:'],[]
2018-11-13 12:30:26,RT @MinhazMerchant: Odd that CJI berates #CVC for one hourâ€™s delay in submitting report on #CBI director #AlokVerma when SC adjourns hearinâ€¦,"[u'#CVC', u'#CBI', u'#AlokVerma']",[u'@MinhazMerchant:'],[]
2018-11-13 12:30:24,@sgurumurthy @PonnaarrBJP @SitaramYechury @cpmkanagaraj @AseerAchary @HRajaBJP whn SC judges immdtly stayed Madrasâ€¦ https://t.co/RbsokOTv9y,[],"[u'@sgurumurthy', u'@PonnaarrBJP', u'@SitaramYechury', u'@cpmkanagaraj', u'@AseerAchary', u'@HRajaBJP']",[u'https://t.co/RbsokOTv9y']
2018-11-13 12:30:24,Plans to microchip UK workers spark privacy concerns | The Independent | Looks like Dibert comic strip Pointy Haireâ€¦ https://t.co/zATQu1jPiI,[],[],[u'https://t.co/zATQu1jPiI']
2018-11-13 12:30:23,"RT @SitaramYechury: These are questions the CAG, Supreme Court and CBI should answer. Not the French CEO of a company making money on thisâ€¦",[],[u'@SitaramYechury:'],[]
2018-11-13 12:30:06,RT @MinhazMerchant: Odd that CJI berates #CVC for one hourâ€™s delay in submitting report on #CBI director #AlokVerma when SC adjourns hearinâ€¦,"[u'#CVC', u'#CBI', u'#AlokVerma']",[u'@MinhazMerchant:'],[]
2018-11-13 12:30:02,RT @MinhazMerchant: Odd that CJI berates #CVC for one hourâ€™s delay in submitting report on #CBI director #AlokVerma when SC adjourns hearinâ€¦,"[u'#CVC', u'#CBI', u'#AlokVerma']",[u'@MinhazMerchant:'],[]
2018-11-13 12:30:02,RT @navikakumar: First interview this political season with @AmitShah on #FranklySpeakingWithShah tonight at 9 pm on Times Now. He speaks oâ€¦,[u'#FranklySpeakingWithShah'],"[u'@navikakumar:', u'@AmitShah']",[]
2018-11-13 12:30:01,@jgopikrishnan70 Gopiji we should ask Satta bazar who will win the battle in CBI. Asthana or Verma,[],[u'@jgopikrishnan70'],[]
2018-11-13 12:29:58,RT @MinhazMerchant: Odd that CJI berates #CVC for one hourâ€™s delay in submitting report on #CBI director #AlokVerma when SC adjourns hearinâ€¦,"[u'#CVC', u'#CBI', u'#AlokVerma']",[u'@MinhazMerchant:'],[]
2018-11-13 12:29:58,"RT @Business4PV: 8 out of 10 firms say Brexit is having a negative impact on investment 
â€œProtecting jobs and peopleâ€™s livelihoods from a lâ€¦",[],[u'@Business4PV:'],[]
2018-11-13 12:29:57,"Rakesh Asthana Met Middleman Days After Alleged Bribe, CBI Suggests
Rohini Singh

Phone tower locations indicate thâ€¦ https://t.co/ZbMeT4KYPc",[],[],[u'https://t.co/ZbMeT4KYPc']
2018-11-13 12:29:44,"RT @prasunmaitra: As per report, @CVCIndia
didn't find significant evidence of corruption against CBI director, but want separate investigaâ€¦",[],"[u'@prasunmaitra:', u""@CVCIndia\ndidn't""]",[]
2018-11-13 12:29:30,"RT @nikhil_thatte: Just a reminder- It's been 95 days since 8 crude bombs, gelatin sticks &amp; explosives were seized from Hindu terrorists' lâ€¦",[],[u'@nikhil_thatte:'],[]
2018-11-13 12:29:26,RT @MinhazMerchant: Odd that CJI berates #CVC for one hourâ€™s delay in submitting report on #CBI director #AlokVerma when SC adjourns hearinâ€¦,"[u'#CVC', u'#CBI', u'#AlokVerma']",[u'@MinhazMerchant:'],[]
2018-11-13 12:29:26,RT @MinhazMerchant: Odd that CJI berates #CVC for one hourâ€™s delay in submitting report on #CBI director #AlokVerma when SC adjourns hearinâ€¦,"[u'#CVC', u'#CBI', u'#AlokVerma']",[u'@MinhazMerchant:'],[]
2018-11-13 12:29:24,RT @DCBMEP: EU-funded CBI skewered by the ever well briefed @afneil - up to Â£40bn taxes big business should be paying lost to our schools aâ€¦,[],"[u'@DCBMEP:', u'@afneil']",[]
2018-11-13 12:29:12,"RT @thewire_in: What worries CBI officials is the fate of all the evidence the agency had gathered against Asthana, including â€œhighly incriâ€¦",[],[u'@thewire_in:'],[]
2018-11-13 12:29:08,RT @MinhazMerchant: Odd that CJI berates #CVC for one hourâ€™s delay in submitting report on #CBI director #AlokVerma when SC adjourns hearinâ€¦,"[u'#CVC', u'#CBI', u'#AlokVerma']",[u'@MinhazMerchant:'],[]
2018-11-13 12:28:46,"RT @nikhil_thatte: Just a reminder- It's been 95 days since 8 crude bombs, gelatin sticks &amp; explosives were seized from Hindu terrorists' lâ€¦",[],[u'@nikhil_thatte:'],[]
2018-11-13 12:28:44,RT @graceblakeley: Another thing Marx was right about - the reification of commodities and the commodification of workers https://t.co/070iâ€¦,[],[u'@graceblakeley:'],[u'https://t.co/070i\u2026']
2018-11-13 12:28:39,RT @MinhazMerchant: Odd that CJI berates #CVC for one hourâ€™s delay in submitting report on #CBI director #AlokVerma when SC adjourns hearinâ€¦,"[u'#CVC', u'#CBI', u'#AlokVerma']",[u'@MinhazMerchant:'],[]
2018-11-13 12:28:30,"RT @INCIndia: And just like the main complainant in the case against PM Modi's blue-eyed boy, Rakesh Asthana, has disappeared. 
#ModiSeCBIBâ€¦",[],[u'@INCIndia:'],[]
2018-11-13 12:28:30,"RT @SwamiBrahmachit: @SriSri @BangaloreAshram BREAKING NEWS:

After Art of Livingâ€™s raid, CBI surrendered all their worries.! ðŸ˜ƒ

#TussiGreaâ€¦",[],"[u'@SwamiBrahmachit:', u'@SriSri', u'@BangaloreAshram']",[]
2018-11-13 12:28:22,"RT @UnSubtleDesi: CBI rubbishes Rahul Gandhi's claims of their officer aiding Vijay Mallya #RahulGandhiLies
https://t.co/c5VLtJNu3p",[u'#RahulGandhiLies\nhttps://t.co/c5VLtJNu3p'],[u'@UnSubtleDesi:'],[]
2018-11-13 12:28:19,RT @MinhazMerchant: Odd that CJI berates #CVC for one hourâ€™s delay in submitting report on #CBI director #AlokVerma when SC adjourns hearinâ€¦,"[u'#CVC', u'#CBI', u'#AlokVerma']",[u'@MinhazMerchant:'],[]
2018-11-13 12:28:17,"RT @vijay63_off: @Atlee_dir already Decided  political script for #Thalapathy63 Due to the Issue of #Sarkar , now He Decided to take Trilleâ€¦","[u'#Thalapathy63', u'#Sarkar']","[u'@vijay63_off:', u'@Atlee_dir']",[]
2018-11-13 12:28:15,RT @MinhazMerchant: Odd that CJI berates #CVC for one hourâ€™s delay in submitting report on #CBI director #AlokVerma when SC adjourns hearinâ€¦,"[u'#CVC', u'#CBI', u'#AlokVerma']",[u'@MinhazMerchant:'],[]
2018-11-13 12:28:15,RT @DCBMEP: EU-funded CBI skewered by the ever well briefed @afneil - up to Â£40bn taxes big business should be paying lost to our schools aâ€¦,[],"[u'@DCBMEP:', u'@afneil']",[]
2018-11-13 12:28:12,"RT @ranganaathan: .@arunjaitley ji, CBI had requested to sanction prosecution of 4 @FinMinIndia officials in Aircel-Maxis FIPB clearance inâ€¦",[],"[u'@ranganaathan:', u'@FinMinIndia']",[]
2018-11-13 12:28:12,"RT @INCIndia: We've said it before &amp; we'll say it again, the Modi govt. is blatantly attacking our institutions &amp; undermining our democracyâ€¦",[],[u'@INCIndia:'],[]
2018-11-13 12:28:06,"@rvaidya2000 Apart from CBI officer's &amp; Bureaucrats, which other Constitutional posts did #AlokVerma allegedly tapeâ€¦ https://t.co/dZJYigge70",[u'#AlokVerma'],[u'@rvaidya2000'],[u'https://t.co/dZJYigge70']
2018-11-13 12:28:01,RT @MinhazMerchant: Odd that CJI berates #CVC for one hourâ€™s delay in submitting report on #CBI director #AlokVerma when SC adjourns hearinâ€¦,"[u'#CVC', u'#CBI', u'#AlokVerma']",[u'@MinhazMerchant:'],[]
2018-11-13 12:27:54,"RT @MiriamBrett: â€˜The chips, which are about the size of a grain of rice, are usually implanted beneath the skin...â€™ What a horrifying direâ€¦",[],[u'@MiriamBrett:'],[]
2018-11-13 12:27:53,RT @yviren: @NSELfight @narendramodi @PMOIndia @arunjaitley @SecretaryDEA @FinMinIndia @narendramodi_in @shweta_shalini @nsitharaman @rspraâ€¦,[],"[u'@yviren:', u'@NSELfight', u'@narendramodi', u'@PMOIndia', u'@arunjaitley', u'@SecretaryDEA', u'@FinMinIndia', u'@narendramodi_in', u'@shweta_shalini', u'@nsitharaman', u'@rspra\u2026']",[]
2018-11-13 12:27:43,RT @MinhazMerchant: Odd that CJI berates #CVC for one hourâ€™s delay in submitting report on #CBI director #AlokVerma when SC adjourns hearinâ€¦,"[u'#CVC', u'#CBI', u'#AlokVerma']",[u'@MinhazMerchant:'],[]
2018-11-13 12:27:35,RT @graceblakeley: Another thing Marx was right about - the reification of commodities and the commodification of workers https://t.co/070iâ€¦,[],[u'@graceblakeley:'],[u'https://t.co/070i\u2026']
2018-11-13 12:27:33,RT @graceblakeley: Another thing Marx was right about - the reification of commodities and the commodification of workers https://t.co/070iâ€¦,[],[u'@graceblakeley:'],[u'https://t.co/070i\u2026']
2018-11-13 12:27:31,"RT @shuvankr: After Today's Interview to @ANI
Eric Trappier is now culpable under Indian Law ..  
Section 420 of IPC ..
""Attempt to defraudâ€¦",[],"[u'@shuvankr:', u'@ANI\nEric']",[]
2018-11-13 12:27:30,"RT @UnSubtleDesi: Rahul Gandhi lied about CBI planning to conduct an investigation into Rafale deal #RahulGandhiLies
https://t.co/68xA8ZlGJF",[u'#RahulGandhiLies\nhttps://t.co/68xA8ZlGJF'],[u'@UnSubtleDesi:'],[]
2018-11-13 12:27:23,RT @graceblakeley: Another thing Marx was right about - the reification of commodities and the commodification of workers https://t.co/070iâ€¦,[],[u'@graceblakeley:'],[u'https://t.co/070i\u2026']
2018-11-13 12:27:13,"RT @MiriamBrett: â€˜The chips, which are about the size of a grain of rice, are usually implanted beneath the skin...â€™ What a horrifying direâ€¦",[],[u'@MiriamBrett:'],[]
2018-11-13 12:27:10,"RT @SitaramYechury: These are questions the CAG, Supreme Court and CBI should answer. Not the French CEO of a company making money on thisâ€¦",[],[u'@SitaramYechury:'],[]
2018-11-13 12:27:04,RT @MinhazMerchant: Odd that CJI berates #CVC for one hourâ€™s delay in submitting report on #CBI director #AlokVerma when SC adjourns hearinâ€¦,"[u'#CVC', u'#CBI', u'#AlokVerma']",[u'@MinhazMerchant:'],[]
2018-11-13 12:26:58,RT @MinhazMerchant: Odd that CJI berates #CVC for one hourâ€™s delay in submitting report on #CBI director #AlokVerma when SC adjourns hearinâ€¦,"[u'#CVC', u'#CBI', u'#AlokVerma']",[u'@MinhazMerchant:'],[]
2018-11-13 12:26:57,@Rakesh_Pioneer @imrantelegraph @PMOIndia @DrJitendraSingh @dayal_abhishek @PIB_India Apart from CBI officer's &amp; Buâ€¦ https://t.co/NRi7XeBZhX,[],"[u'@Rakesh_Pioneer', u'@imrantelegraph', u'@PMOIndia', u'@DrJitendraSingh', u'@dayal_abhishek', u'@PIB_India']",[u'https://t.co/NRi7XeBZhX']
2018-11-13 12:26:49,RT @INCIndia: Rafale is a open and shut case. CBI Director was removed because obviously CBI was looking into these matters. Defence Ministâ€¦,[],[u'@INCIndia:'],[]
2018-11-13 12:26:43,RT @MinhazMerchant: Odd that CJI berates #CVC for one hourâ€™s delay in submitting report on #CBI director #AlokVerma when SC adjourns hearinâ€¦,"[u'#CVC', u'#CBI', u'#AlokVerma']",[u'@MinhazMerchant:'],[]
2018-11-13 12:26:28,"RT @premnsikka: Plans to microchip UK workers spark privacy concerns. Is this the path to new forms of slavery?

https://t.co/lt3ltspCZQ",[],[u'@premnsikka:'],[]
2018-11-13 12:26:23,UBA can be applied more precisely in OT than in IT:  Normal &amp; abnormal are more easily defined in OT.  https://t.co/lAKyphXnCP #InfoSec,[u'#InfoSec'],[],[u'https://t.co/lAKyphXnCP']
2018-11-13 12:26:22,RT @scroll_in: CBI invokes terror charges against accused arrested for murder of Narendra Dabholkar https://t.co/3XJtUUbDGr https://t.co/YVâ€¦,[],[u'@scroll_in:'],"[u'https://t.co/3XJtUUbDGr', u'https://t.co/YV\u2026']"
2018-11-13 12:26:21,RT @MinhazMerchant: Odd that CJI berates #CVC for one hourâ€™s delay in submitting report on #CBI director #AlokVerma when SC adjourns hearinâ€¦,"[u'#CVC', u'#CBI', u'#AlokVerma']",[u'@MinhazMerchant:'],[]
2018-11-13 12:26:18,"RT @MiriamBrett: â€˜The chips, which are about the size of a grain of rice, are usually implanted beneath the skin...â€™ What a horrifying direâ€¦",[],[u'@MiriamBrett:'],[]
2018-11-13 12:26:15,"RT @ranganaathan: .@arunjaitley ji, CBI had requested to sanction prosecution of 4 @FinMinIndia officials in Aircel-Maxis FIPB clearance inâ€¦",[],"[u'@ranganaathan:', u'@FinMinIndia']",[]
2018-11-13 12:26:12,"RT @innesmck: i think the fuck not

https://t.co/AcqICdZS6a https://t.co/dM5ZaRmQDN",[],[u'@innesmck:'],[u'https://t.co/dM5ZaRmQDN']
2018-11-13 12:26:09,RT @timesofindia: CBI files case against its Deputy Legal Advisor Beena Raizada for forging the signatures of head of the branch in her annâ€¦,[],[u'@timesofindia:'],[]
2018-11-13 12:26:09,"RT @kollyempire: #Thalapathy63 :

News is that both @trishtrashers &amp; @KeerthyOfficial are in talks to play the heroines role.

Team in talkâ€¦",[u'#Thalapathy63'],"[u'@kollyempire:', u'@trishtrashers', u'@KeerthyOfficial']",[]
2018-11-13 12:26:06,RT @graceblakeley: Another thing Marx was right about - the reification of commodities and the commodification of workers https://t.co/070iâ€¦,[],[u'@graceblakeley:'],[u'https://t.co/070i\u2026']
2018-11-13 12:26:04,RT @IEA: Explore more key findings from #WEO18 in our most comprehensive ever online analysis: https://t.co/Gq82jwxjwl,[u'#WEO18'],[u'@IEA:'],[u'https://t.co/Gq82jwxjwl']
2018-11-13 12:26:00,RT @ndtv: CBI files case against its Deputy Legal Advisor Beena Raizada for forging the signatures of head of the branch in her annual apprâ€¦,[],[u'@ndtv:'],[]
2018-11-13 12:25:55,RT @imrantelegraph: Yes.. it's a serious issue concerning now the media wing of the CBI which is already mired in unsavoury controversy...â€¦,[],[u'@imrantelegraph:'],[]
2018-11-13 12:25:52,"RT @kollyempire: #Thalapathy63 :

News is that both @trishtrashers &amp; @KeerthyOfficial are in talks to play the heroines role.

Team in talkâ€¦",[u'#Thalapathy63'],"[u'@kollyempire:', u'@trishtrashers', u'@KeerthyOfficial']",[]
2018-11-13 12:25:43,RT @MinhazMerchant: Odd that CJI berates #CVC for one hourâ€™s delay in submitting report on #CBI director #AlokVerma when SC adjourns hearinâ€¦,"[u'#CVC', u'#CBI', u'#AlokVerma']",[u'@MinhazMerchant:'],[]
2018-11-13 12:25:42,"RT @pbhushan1: After removing Alok Verma as Dir CBI, and installing tainted officer Nageshwar Rao as acting Director, CBI organises a worksâ€¦",[],[u'@pbhushan1:'],[]
2018-11-13 12:25:41,"As per report, @CVCIndia
didn't find significant evidence of corruption against CBI director, but want separate invâ€¦ https://t.co/VlfpZ14Qge",[],"[u""@CVCIndia\ndidn't""]",[u'https://t.co/VlfpZ14Qge']
2018-11-13 12:25:36,"RT @MyFellowIndians: So after 
EC
ED
RBI
CBI
now even CAG has been infiltrated by @narendramodi

He is not just destroying one institutionâ€¦",[],"[u'@MyFellowIndians:', u'@narendramodi\n\nHe']",[]
2018-11-13 12:25:34,"RT @SitaramYechury: These are questions the CAG, Supreme Court and CBI should answer. Not the French CEO of a company making money on thisâ€¦",[],[u'@SitaramYechury:'],[]
2018-11-13 12:25:26,RT @ANI: CBI files a case against its Deputy Legal Advisor Beena Raizada for forging the signatures of the head of the branch in her annualâ€¦,[],[u'@ANI:'],[]
2018-11-13 12:25:06,"RT @runcaralisarun: Rafale 
Demonization
CBI
Vyapam
100 smart cities
Statues
Changing names of cities
Tickets to the Reddy Brothers
Fuel prâ€¦",[],[u'@runcaralisarun:'],[]
2018-11-13 12:25:02,According to the IEAâ€™s World Energy Outlook #WEO18 â€“ there will be a 25% increase in energy demand by 2040. This woâ€¦ https://t.co/tQvdhEXtwh,[u'#WEO18'],[],[u'https://t.co/tQvdhEXtwh']
2018-11-13 12:25:02,"RT @vijay63_off: @Atlee_dir already Decided  political script for #Thalapathy63 Due to the Issue of #Sarkar , now He Decided to take Trilleâ€¦","[u'#Thalapathy63', u'#Sarkar']","[u'@vijay63_off:', u'@Atlee_dir']",[]
2018-11-13 12:24:48,"RT @MyFellowIndians: So after 
EC
ED
RBI
CBI
now even CAG has been infiltrated by @narendramodi

He is not just destroying one institutionâ€¦",[],"[u'@MyFellowIndians:', u'@narendramodi\n\nHe']",[]
2018-11-13 12:24:44,"RT @KapilSibalteam: Modiji promised a transparent government but destroyed institutions like CBI to hide his crimes

He promised Bullet traâ€¦",[],[u'@KapilSibalteam:'],[]
2018-11-13 12:24:34,"RT @HinduDharma1: Raghuram Rajan is Staying in US
&amp; should now forget abt India
He himself is Failed Governor of RBI

He had Joined hands wâ€¦",[],[u'@HinduDharma1:'],[]
2018-11-13 12:24:28,RT @DCBMEP: EU-funded CBI skewered by the ever well briefed @afneil - up to Â£40bn taxes big business should be paying lost to our schools aâ€¦,[],"[u'@DCBMEP:', u'@afneil']",[]
2018-11-13 12:24:27,RT @MinhazMerchant: Odd that CJI berates #CVC for one hourâ€™s delay in submitting report on #CBI director #AlokVerma when SC adjourns hearinâ€¦,"[u'#CVC', u'#CBI', u'#AlokVerma']",[u'@MinhazMerchant:'],[]
2018-11-13 12:24:26,RT @MinhazMerchant: Odd that CJI berates #CVC for one hourâ€™s delay in submitting report on #CBI director #AlokVerma when SC adjourns hearinâ€¦,"[u'#CVC', u'#CBI', u'#AlokVerma']",[u'@MinhazMerchant:'],[]
2018-11-13 12:24:25,RT @MinhazMerchant: Odd that CJI berates #CVC for one hourâ€™s delay in submitting report on #CBI director #AlokVerma when SC adjourns hearinâ€¦,"[u'#CVC', u'#CBI', u'#AlokVerma']",[u'@MinhazMerchant:'],[]
2018-11-13 12:24:23,RT @MinhazMerchant: Odd that CJI berates #CVC for one hourâ€™s delay in submitting report on #CBI director #AlokVerma when SC adjourns hearinâ€¦,"[u'#CVC', u'#CBI', u'#AlokVerma']",[u'@MinhazMerchant:'],[]
2018-11-13 12:24:08,RT @imrantelegraph: CBI needs complete overhaul right from it's media wing. Why should spokesperson take sides of the top officers and spreâ€¦,[],[u'@imrantelegraph:'],[]
2018-11-13 12:24:04,"RT @nikhil_thatte: Just a reminder- It's been 95 days since 8 crude bombs, gelatin sticks &amp; explosives were seized from Hindu terrorists' lâ€¦",[],[u'@nikhil_thatte:'],[]
2018-11-13 12:24:01,"RT @innesmck: i think the fuck not

https://t.co/AcqICdZS6a https://t.co/dM5ZaRmQDN",[],[u'@innesmck:'],[u'https://t.co/dM5ZaRmQDN']
2018-11-13 12:24:00,Yes.. it's a serious issue concerning now the media wing of the CBI which is already mired in unsavoury controversyâ€¦ https://t.co/lUFJ5h6dD1,[],[],[u'https://t.co/lUFJ5h6dD1']
2018-11-13 12:23:57,"RT @kollyempire: #Thalapathy63 :

News is that both @trishtrashers &amp; @KeerthyOfficial are in talks to play the heroines role.

Team in talkâ€¦",[u'#Thalapathy63'],"[u'@kollyempire:', u'@trishtrashers', u'@KeerthyOfficial']",[]
2018-11-13 12:23:55,"RT @kollyempire: #Thalapathy63 :

News is that both @trishtrashers &amp; @KeerthyOfficial are in talks to play the heroines role.

Team in talkâ€¦",[u'#Thalapathy63'],"[u'@kollyempire:', u'@trishtrashers', u'@KeerthyOfficial']",[]
2018-11-13 12:23:48,"RT @TimesNow: Has the CBI fiasco dented NDAâ€™s image?

Watch the season's biggest interview as BJP President @AmitShah speaks to @navikakumaâ€¦",[],"[u'@TimesNow:', u'@AmitShah', u'@navikakuma\u2026']",[]
2018-11-13 12:23:43,"RT @dhruv_rathee: Modi government is trying to hijack the independence of every institution of our democracy..

1. Supreme Court judges opeâ€¦",[],[u'@dhruv_rathee:'],[]
2018-11-13 12:23:43,RT @MinhazMerchant: Odd that CJI berates #CVC for one hourâ€™s delay in submitting report on #CBI director #AlokVerma when SC adjourns hearinâ€¦,"[u'#CVC', u'#CBI', u'#AlokVerma']",[u'@MinhazMerchant:'],[]
2018-11-13 12:23:41,"RT @MiriamBrett: â€˜The chips, which are about the size of a grain of rice, are usually implanted beneath the skin...â€™ What a horrifying direâ€¦",[],[u'@MiriamBrett:'],[]
2018-11-13 12:23:32,"RT @SitaramYechury: These are questions the CAG, Supreme Court and CBI should answer. Not the French CEO of a company making money on thisâ€¦",[],[u'@SitaramYechury:'],[]
2018-11-13 12:23:22,"RT @MyFellowIndians: So after 
EC
ED
RBI
CBI
now even CAG has been infiltrated by @narendramodi

He is not just destroying one institutionâ€¦",[],"[u'@MyFellowIndians:', u'@narendramodi\n\nHe']",[]
