2018-11-13 12:37:29,"RT @bhaiyyajispeaks: Family of Sardar Patel at Statue of Unity, My chest swells with pride today..this has to be the picture of the year. h‚Ä¶",[],[u'@bhaiyyajispeaks:'],[]
2018-11-13 12:37:26,"RT @iScrew: Gujarat: At Statue of Unity, over hundred villagers sit in protest, demand jobs https://t.co/UhIsXbuWu2 via @IndianExpress",[],"[u'@iScrew:', u'@IndianExpress']",[u'https://t.co/UhIsXbuWu2']
2018-11-13 12:37:10,"RT @iScrew: Gujarat: At Statue of Unity, over hundred villagers sit in protest, demand jobs https://t.co/UhIsXbuWu2 via @IndianExpress",[],"[u'@iScrew:', u'@IndianExpress']",[u'https://t.co/UhIsXbuWu2']
2018-11-13 12:37:10,"RT @PiyushGoyal: A Nation is as Strong as it is United, as Weak as it is Divided: A preview into the meticulous and technical planning that‚Ä¶",[],[u'@PiyushGoyal:'],[]
2018-11-13 12:36:47,"RT @PiyushGoyal: A Nation is as Strong as it is United, as Weak as it is Divided: A preview into the meticulous and technical planning that‚Ä¶",[],[u'@PiyushGoyal:'],[]
2018-11-13 12:36:23,"RT @PiyushGoyal: A Nation is as Strong as it is United, as Weak as it is Divided: A preview into the meticulous and technical planning that‚Ä¶",[],[u'@PiyushGoyal:'],[]
2018-11-13 12:36:11,"RT @pfi_india: ""Nonsense""?  @PeterBoneUK Yes it is.
#ModiMadeDisaster in India by launching #StatueOfUnity
Using foreign aid which was abou‚Ä¶",[u'#StatueOfUnity\nUsing'],"[u'@pfi_india:', u'@PeterBoneUK']",[]
2018-11-13 12:36:01,‚ÄòStatue of Unity‚Äô : British calls it ‚ÄòNONSENSE‚Äô https://t.co/9wv9mYe2P9,[],[],[u'https://t.co/9wv9mYe2P9']
2018-11-13 12:35:51,"RT @saurabhpatelguj: Visit of the Statue Of Unity at Kevadia with the Deputy Chief Minister of Bihar Shri @SushilModi Ji.
#StatueOfUnity ht‚Ä¶",[],"[u'@saurabhpatelguj:', u'@SushilModi']",[]
2018-11-13 12:35:37,"RT @PiyushGoyal: A Nation is as Strong as it is United, as Weak as it is Divided: A preview into the meticulous and technical planning that‚Ä¶",[],[u'@PiyushGoyal:'],[]
2018-11-13 12:34:05,"RT @PiyushGoyal: A Nation is as Strong as it is United, as Weak as it is Divided: A preview into the meticulous and technical planning that‚Ä¶",[],[u'@PiyushGoyal:'],[]
2018-11-13 12:33:41,"British aid to India in 2018 is less than M.S. Dhoni‚Äôs net worth
üòÑ
@ByRakeshSimha writes why Brits &amp; their slaves i‚Ä¶ https://t.co/KZa0SSefw0",[],[],[u'https://t.co/KZa0SSefw0']
2018-11-13 12:33:41,"RT @FuseLaundry: We want Jobs !! 

Sardar Patel wanted to give them jobs. 

What did you give @narendramodi ? 

https://t.co/ZRUqN72J3b",[],"[u'@FuseLaundry:', u'@narendramodi']",[]
2018-11-13 12:33:26,"RT @iScrew: Gujarat: At Statue of Unity, over hundred villagers sit in protest, demand jobs https://t.co/UhIsXbuWu2 via @IndianExpress",[],"[u'@iScrew:', u'@IndianExpress']",[u'https://t.co/UhIsXbuWu2']
2018-11-13 12:32:37,"RT @PiyushGoyal: A Nation is as Strong as it is United, as Weak as it is Divided: A preview into the meticulous and technical planning that‚Ä¶",[],[u'@PiyushGoyal:'],[]
2018-11-13 12:31:27,"RT @SwarajyaMag: The statue has already earned over Rs 2 crore in ticket sales within a short period of time

https://t.co/35lEOyM9ep",[],[u'@SwarajyaMag:'],[]
2018-11-13 12:31:20,"RT @iScrew: Gujarat: At Statue of Unity, over hundred villagers sit in protest, demand jobs https://t.co/UhIsXbuWu2 via @IndianExpress",[],"[u'@iScrew:', u'@IndianExpress']",[u'https://t.co/UhIsXbuWu2']
2018-11-13 12:30:26,"RT @PiyushGoyal: A Nation is as Strong as it is United, as Weak as it is Divided: A preview into the meticulous and technical planning that‚Ä¶",[],[u'@PiyushGoyal:'],[]
2018-11-13 12:30:13,"Statue of Unity: Sardar Patel's statue attracts more than 1.28 lakh visitors in 11 days.

350* 1.28 lakh

Diwali fali Baki.",[],[],[]
2018-11-13 12:30:05,"RT @iScrew: Gujarat: At Statue of Unity, over hundred villagers sit in protest, demand jobs https://t.co/UhIsXbuWu2 via @IndianExpress",[],"[u'@iScrew:', u'@IndianExpress']",[u'https://t.co/UhIsXbuWu2']
2018-11-13 12:29:57,RT @WaizArd20: Ye statue of unity.. https://t.co/6cTOSvk6HO,[],[u'@WaizArd20:'],[u'https://t.co/6cTOSvk6HO']
2018-11-13 12:29:51,"RT @PiyushGoyal: A Nation is as Strong as it is United, as Weak as it is Divided: A preview into the meticulous and technical planning that‚Ä¶",[],[u'@PiyushGoyal:'],[]
2018-11-13 12:29:43,RT @IndiaFactsOrg: It is peculiar that when something good comes out of #India be it a nuclear submarine or #StatueOfUnity sections of #Bri‚Ä¶,"[u'#India', u'#StatueOfUnity', u'#Bri\u2026']",[u'@IndiaFactsOrg:'],[]
2018-11-13 12:29:23,"RT @NileshShah68: 2.2 Cr Indians went abroad last year 
1 Cr foreigners visited India.
Domestic Tourism is one of the answer to Growth, Job‚Ä¶",[],[u'@NileshShah68:'],[]
2018-11-13 12:29:22,"RT @iKaurRimi: Resrvations shud be given on the basis of economic cnditions,
*Child of an IAS(SC/ST)need resrvation?
*Child of a poor farme‚Ä¶",[],[u'@iKaurRimi:'],[]
2018-11-13 12:28:42,"RT @PiyushGoyal: A Nation is as Strong as it is United, as Weak as it is Divided: A preview into the meticulous and technical planning that‚Ä¶",[],[u'@PiyushGoyal:'],[]
2018-11-13 12:28:21,RT @IndiaFactsOrg: It is peculiar that when something good comes out of #India be it a nuclear submarine or #StatueOfUnity sections of #Bri‚Ä¶,"[u'#India', u'#StatueOfUnity', u'#Bri\u2026']",[u'@IndiaFactsOrg:'],[]
2018-11-13 12:28:13,"RT @UnSubtleDesi: Same lie over and over again about the Statue of Unity made in China #RahulGandhiLies

https://t.co/N0tbuEcE1F",[u'#RahulGandhiLies\n\nhttps://t.co/N0tbuEcE1F'],[u'@UnSubtleDesi:'],[]
2018-11-13 12:27:35,"RT @PiyushGoyal: A Nation is as Strong as it is United, as Weak as it is Divided: A preview into the meticulous and technical planning that‚Ä¶",[],[u'@PiyushGoyal:'],[]
2018-11-13 12:25:50,"It is peculiar that when something good comes out of #India, be it a nuclear submarine or #StatueOfUnity, sections‚Ä¶ https://t.co/bQsbYnD0BI","[u'#India,', u'#StatueOfUnity,']",[],[u'https://t.co/bQsbYnD0BI']
2018-11-13 12:25:26,"RT @Vidyaraj51: At Statue of Unity, over hundred villagers sit in protest, demand jobs! What is more important for d struggling common man?‚Ä¶",[],[u'@Vidyaraj51:'],[]
2018-11-13 12:25:01,RT @WaizArd20: Ye statue of unity.. https://t.co/6cTOSvk6HO,[],[u'@WaizArd20:'],[u'https://t.co/6cTOSvk6HO']
2018-11-13 12:24:30,Statue of Unity issue Andhra News in Telugu | Patle Statue Britain aid | #StatueofUnity facts Telugu: https://t.co/Z6fXjkK3YL via,[u'#StatueofUnity'],[],[u'https://t.co/Z6fXjkK3YL']
2018-11-13 12:24:28,"RT @SwarajyaMag: The statue has already earned over Rs 2 crore in ticket sales within a short period of time

https://t.co/35lEOyM9ep",[],[u'@SwarajyaMag:'],[]
2018-11-13 12:24:20,"When #SaurabhPatel and Bihar Dy CM #SushilModi got stuck in lift inside Statue of Unity

#StatueofUnity https://t.co/xY9ojc9Y8M","[u'#SaurabhPatel', u'#SushilModi']",[],[u'https://t.co/xY9ojc9Y8M']
2018-11-13 12:24:14,"RT @SwarajyaMag: The statue has already earned over Rs 2 crore in ticket sales within a short period of time

https://t.co/35lEOyM9ep",[],[u'@SwarajyaMag:'],[]
2018-11-13 12:23:22,"RT @iScrew: Gujarat: At Statue of Unity, over hundred villagers sit in protest, demand jobs https://t.co/UhIsXbuWu2 via @IndianExpress",[],"[u'@iScrew:', u'@IndianExpress']",[u'https://t.co/UhIsXbuWu2']
2018-11-13 12:23:19,"RT @PiyushGoyal: A Nation is as Strong as it is United, as Weak as it is Divided: A preview into the meticulous and technical planning that‚Ä¶",[],[u'@PiyushGoyal:'],[]
2018-11-13 12:23:07,Statue of Unity https://t.co/o8Tfo2FdlW,[],[],[u'https://t.co/o8Tfo2FdlW']
2018-11-13 12:22:27,"RT @PiyushGoyal: A Nation is as Strong as it is United, as Weak as it is Divided: A preview into the meticulous and technical planning that‚Ä¶",[],[u'@PiyushGoyal:'],[]
2018-11-13 12:20:59,"RT @sairam9698: This is For all those who questioned The Money spent on ""Statue Of Unity"" 
Last 10 Days more than 1Lakh Tourists visited An‚Ä¶",[],[u'@sairam9698:'],[]
2018-11-13 12:20:04,"RT @SwarajyaMag: The statue has already earned over Rs 2 crore in ticket sales within a short period of time

https://t.co/35lEOyM9ep",[],[u'@SwarajyaMag:'],[]
2018-11-13 12:19:24,"RT @vijayrupanibjp: Statue of Unity sees record 27,000 visitors on Saturday
https://t.co/vaLrAhdSUf

via NaMo App https://t.co/ssDDusPpUc",[],[u'@vijayrupanibjp:'],[u'https://t.co/ssDDusPpUc']
2018-11-13 12:19:11,I liked a @YouTube video https://t.co/VUYwR1lO3j Statue of Unity: The Harsh Reality | Analysis by Dhruv Rathee,[],[u'@YouTube'],[u'https://t.co/VUYwR1lO3j']
2018-11-13 12:19:10,RT @IndiaFactsOrg: It is peculiar that when something good comes out of #India be it a nuclear submarine or #StatueOfUnity sections of #Bri‚Ä¶,"[u'#India', u'#StatueOfUnity', u'#Bri\u2026']",[u'@IndiaFactsOrg:'],[]
2018-11-13 12:17:49,"RT @SwarajyaMag: The statue has already earned over Rs 2 crore in ticket sales within a short period of time

https://t.co/35lEOyM9ep",[],[u'@SwarajyaMag:'],[]
2018-11-13 12:17:48,"RT @iScrew: Gujarat: At Statue of Unity, over hundred villagers sit in protest, demand jobs https://t.co/UhIsXbuWu2 via @IndianExpress",[],"[u'@iScrew:', u'@IndianExpress']",[u'https://t.co/UhIsXbuWu2']
2018-11-13 12:17:28,RT @Dr_JaySpeak: So this modern days sasta Aryabhatt @Dhruv_Rathee makes it to ndtv as the panelist to talk about FakeNews.Irony and journa‚Ä¶,[],"[u'@Dr_JaySpeak:', u'@Dhruv_Rathee']",[]
2018-11-13 12:16:56,RT @IndiaFactsOrg: It is peculiar that when something good comes out of #India be it a nuclear submarine or #StatueOfUnity sections of #Bri‚Ä¶,"[u'#India', u'#StatueOfUnity', u'#Bri\u2026']",[u'@IndiaFactsOrg:'],[]
2018-11-13 12:16:55,"RT @PiyushGoyal: A Nation is as Strong as it is United, as Weak as it is Divided: A preview into the meticulous and technical planning that‚Ä¶",[],[u'@PiyushGoyal:'],[]
2018-11-13 12:16:32,"RT @PiyushGoyal: A Nation is as Strong as it is United, as Weak as it is Divided: A preview into the meticulous and technical planning that‚Ä¶",[],[u'@PiyushGoyal:'],[]
2018-11-13 12:16:24,"RT @PiyushGoyal: A Nation is as Strong as it is United, as Weak as it is Divided: A preview into the meticulous and technical planning that‚Ä¶",[],[u'@PiyushGoyal:'],[]
2018-11-13 12:16:10,"RT @PiyushGoyal: A Nation is as Strong as it is United, as Weak as it is Divided: A preview into the meticulous and technical planning that‚Ä¶",[],[u'@PiyushGoyal:'],[]
2018-11-13 12:15:50,RT @IndiaFactsOrg: It is peculiar that when something good comes out of #India be it a nuclear submarine or #StatueOfUnity sections of #Bri‚Ä¶,"[u'#India', u'#StatueOfUnity', u'#Bri\u2026']",[u'@IndiaFactsOrg:'],[]
2018-11-13 12:15:44,"RT @iScrew: Gujarat: At Statue of Unity, over hundred villagers sit in protest, demand jobs https://t.co/UhIsXbuWu2 via @IndianExpress",[],"[u'@iScrew:', u'@IndianExpress']",[u'https://t.co/UhIsXbuWu2']
2018-11-13 12:15:22,RT @nijunction: Wow! just a week after PM @narendramodi 's inaugration of the Statue of Unity...just look at the tourist response!!! https:‚Ä¶,[],"[u'@nijunction:', u'@narendramodi']",[u'https:\u2026']
2018-11-13 12:14:48,"RT @PiyushGoyal: A Nation is as Strong as it is United, as Weak as it is Divided: A preview into the meticulous and technical planning that‚Ä¶",[],[u'@PiyushGoyal:'],[]
2018-11-13 12:14:38,"RT @Vidyaraj51: At Statue of Unity, over hundred villagers sit in protest, demand jobs! What is more important for d struggling common man?‚Ä¶",[],[u'@Vidyaraj51:'],[]
2018-11-13 12:14:20,Will the #StatueOfUnity bring unity to India? https://t.co/VBVuOVdmYW via @MayapurVoice,[u'#StatueOfUnity'],[u'@MayapurVoice'],[u'https://t.co/VBVuOVdmYW']
2018-11-13 12:14:11,RT @IndiaFactsOrg: It is peculiar that when something good comes out of #India be it a nuclear submarine or #StatueOfUnity sections of #Bri‚Ä¶,"[u'#India', u'#StatueOfUnity', u'#Bri\u2026']",[u'@IndiaFactsOrg:'],[]
2018-11-13 12:13:47,RT @WaizArd20: Ye statue of unity.. https://t.co/6cTOSvk6HO,[],[u'@WaizArd20:'],[u'https://t.co/6cTOSvk6HO']
2018-11-13 12:13:07,RT @WaizArd20: Ye statue of unity.. https://t.co/6cTOSvk6HO,[],[u'@WaizArd20:'],[u'https://t.co/6cTOSvk6HO']
2018-11-13 12:12:54,RT @WaizArd20: Ye statue of unity.. https://t.co/6cTOSvk6HO,[],[u'@WaizArd20:'],[u'https://t.co/6cTOSvk6HO']
2018-11-13 12:12:48,"Gujarat: At Statue of Unity, over hundred villagers sit in protest, demand jobs https://t.co/hQexcND7lK",[],[],[u'https://t.co/hQexcND7lK']
2018-11-13 12:12:34,"RT @iScrew: Gujarat: At Statue of Unity, over hundred villagers sit in protest, demand jobs https://t.co/UhIsXbuWu2 via @IndianExpress",[],"[u'@iScrew:', u'@IndianExpress']",[u'https://t.co/UhIsXbuWu2']
2018-11-13 12:12:16,"RT @d_e_w_a_n7: @anandmahindra @vijayrupanibjp Mr. Mahindra, open @clubmahindra resort  near statue of unity , Narmada dam, tent city, Narm‚Ä¶",[],"[u'@d_e_w_a_n7:', u'@anandmahindra', u'@vijayrupanibjp', u'@clubmahindra']",[]
2018-11-13 12:11:30,@bhaiyyajispeaks You may like to read and share this https://t.co/VBVuOVdmYW,[],[u'@bhaiyyajispeaks'],[u'https://t.co/VBVuOVdmYW']
2018-11-13 12:11:28,"RT @PiyushGoyal: A Nation is as Strong as it is United, as Weak as it is Divided: A preview into the meticulous and technical planning that‚Ä¶",[],[u'@PiyushGoyal:'],[]
2018-11-13 12:11:22,It is peculiar that when something good comes out of #India be it a nuclear submarine or #StatueOfUnity sections of‚Ä¶ https://t.co/KNSsBv7Vii,"[u'#India', u'#StatueOfUnity']",[],[u'https://t.co/KNSsBv7Vii']
2018-11-13 12:11:08,"RT @Vidyaraj51: At Statue of Unity, over hundred villagers sit in protest, demand jobs! What is more important for d struggling common man?‚Ä¶",[],[u'@Vidyaraj51:'],[]
2018-11-13 12:10:52,"RT @PiyushGoyal: A Nation is as Strong as it is United, as Weak as it is Divided: A preview into the meticulous and technical planning that‚Ä¶",[],[u'@PiyushGoyal:'],[]
2018-11-13 12:10:45,Statue of unity 182miters hight https://t.co/zG9odcVnsk,[],[],[u'https://t.co/zG9odcVnsk']
2018-11-13 12:10:38,@statueofunity91 You may like to read and share this https://t.co/VBVuOVdmYW,[],[u'@statueofunity91'],[u'https://t.co/VBVuOVdmYW']
2018-11-13 12:10:11,"RT @SwarajyaMag: The statue has already earned over Rs 2 crore in ticket sales within a short period of time

https://t.co/35lEOyM9ep",[],[u'@SwarajyaMag:'],[]
2018-11-13 12:10:05,"RT @PiyushGoyal: A Nation is as Strong as it is United, as Weak as it is Divided: A preview into the meticulous and technical planning that‚Ä¶",[],[u'@PiyushGoyal:'],[]
2018-11-13 12:09:26,"RT @Vidyaraj51: At Statue of Unity, over hundred villagers sit in protest, demand jobs! What is more important for d struggling common man?‚Ä¶",[],[u'@Vidyaraj51:'],[]
2018-11-13 12:08:23,"RT @NBirenSingh: Statue of Unity sees record 27,000 visitors on Saturday
 https://t.co/q8yh4LtgWG

via NaMo App https://t.co/RuPoFURDgw",[],[u'@NBirenSingh:'],"[u'https://t.co/q8yh4LtgWG\n\nvia', u'https://t.co/RuPoFURDgw']"
2018-11-13 12:08:19,"RT @MyFellowIndians: News you WONT see on @republic &amp; @TimesNow : Reality of @narendramodi's #GujaratModel &amp; #NewIndia

3000 crores down th‚Ä¶","[u'#GujaratModel', u'#NewIndia\n\n3000']","[u'@MyFellowIndians:', u'@republic', u'@TimesNow', u""@narendramodi's""]",[]
2018-11-13 12:07:54,"RT @iScrew: Gujarat: At Statue of Unity, over hundred villagers sit in protest, demand jobs https://t.co/UhIsXbuWu2 via @IndianExpress",[],"[u'@iScrew:', u'@IndianExpress']",[u'https://t.co/UhIsXbuWu2']
2018-11-13 12:07:26,"RT @SwarajyaMag: The statue has already earned over Rs 2 crore in ticket sales within a short period of time

https://t.co/35lEOyM9ep",[],[u'@SwarajyaMag:'],[]
2018-11-13 12:06:37,RT @WaizArd20: Ye statue of unity.. https://t.co/6cTOSvk6HO,[],[u'@WaizArd20:'],[u'https://t.co/6cTOSvk6HO']
2018-11-13 12:03:25,"RT @SwarajyaMag: The statue has already earned over Rs 2 crore in ticket sales within a short period of time

https://t.co/35lEOyM9ep",[],[u'@SwarajyaMag:'],[]
2018-11-13 12:03:20,"https://t.co/fK6eesJRX0

Fact about Statue of unity 
Reality 
22 village destroy 
1 lac tree destroy

https://t.co/fK6eesJRX0",[],[],[u'https://t.co/fK6eesJRX0\n\nFact']
2018-11-13 12:02:58,RT @WaizArd20: Ye statue of unity.. https://t.co/6cTOSvk6HO,[],[u'@WaizArd20:'],[u'https://t.co/6cTOSvk6HO']
2018-11-13 12:02:57,RT @WaizArd20: Ye statue of unity.. https://t.co/6cTOSvk6HO,[],[u'@WaizArd20:'],[u'https://t.co/6cTOSvk6HO']
2018-11-13 12:02:45,"RT @PiyushGoyal: A Nation is as Strong as it is United, as Weak as it is Divided: A preview into the meticulous and technical planning that‚Ä¶",[],[u'@PiyushGoyal:'],[]
2018-11-13 12:02:23,"RT @PiyushGoyal: A Nation is as Strong as it is United, as Weak as it is Divided: A preview into the meticulous and technical planning that‚Ä¶",[],[u'@PiyushGoyal:'],[]
2018-11-13 12:01:57,"Gujarat: At Statue of Unity, over hundred villagers sit in protest, demand¬†jobs #StatueOfUnity
https://t.co/TmJLbVEzjD",[u'#StatueOfUnity\nhttps://t.co/TmJLbVEzjD'],[],[]
2018-11-13 12:01:26,"RT @PMOIndia: PM @narendramodi will dedicate the world‚Äôs tallest statue, the 'Statue of Unity', to the Nation, at Kevadiya in Gujarat on Oc‚Ä¶",[],"[u'@PMOIndia:', u'@narendramodi']",[]
2018-11-13 12:00:22,"@Trevornoah Just saw you trash-talking about Statue of Unity. You poor thing, you don't even know the significance‚Ä¶ https://t.co/8H5LLb3qYm",[],[u'@Trevornoah'],[u'https://t.co/8H5LLb3qYm']
2018-11-13 12:00:06,"RT @PiyushGoyal: A Nation is as Strong as it is United, as Weak as it is Divided: A preview into the meticulous and technical planning that‚Ä¶",[],[u'@PiyushGoyal:'],[]
2018-11-13 11:58:58,"RT @Vidyaraj51: At Statue of Unity, over hundred villagers sit in protest, demand jobs! What is more important for d struggling common man?‚Ä¶",[],[u'@Vidyaraj51:'],[]
2018-11-13 11:58:07,"RT @iScrew: Gujarat: At Statue of Unity, over hundred villagers sit in protest, demand jobs https://t.co/UhIsXbuWu2 via @IndianExpress",[],"[u'@iScrew:', u'@IndianExpress']",[u'https://t.co/UhIsXbuWu2']
2018-11-13 11:57:54,"RT @PiyushGoyal: A Nation is as Strong as it is United, as Weak as it is Divided: A preview into the meticulous and technical planning that‚Ä¶",[],[u'@PiyushGoyal:'],[]
2018-11-13 11:57:43,"RT @Vidyaraj51: At Statue of Unity, over hundred villagers sit in protest, demand jobs! What is more important for d struggling common man?‚Ä¶",[],[u'@Vidyaraj51:'],[]
2018-11-13 11:56:31,"RT @iScrew: Gujarat: At Statue of Unity, over hundred villagers sit in protest, demand jobs https://t.co/UhIsXbuWu2 via @IndianExpress",[],"[u'@iScrew:', u'@IndianExpress']",[u'https://t.co/UhIsXbuWu2']
2018-11-13 11:56:26,"RT @PiyushGoyal: A Nation is as Strong as it is United, as Weak as it is Divided: A preview into the meticulous and technical planning that‚Ä¶",[],[u'@PiyushGoyal:'],[]
2018-11-13 11:55:59,They can sell Icecrut outside the area. https://t.co/vuZhdj6RX6,[],[],[u'https://t.co/vuZhdj6RX6']
2018-11-13 11:55:35,"RT @NileshShah68: 2.2 Cr Indians went abroad last year 
1 Cr foreigners visited India.
Domestic Tourism is one of the answer to Growth, Job‚Ä¶",[],[u'@NileshShah68:'],[]
2018-11-13 11:55:27,"RT @SwarajyaMag: The statue has already earned over Rs 2 crore in ticket sales within a short period of time

https://t.co/35lEOyM9ep",[],[u'@SwarajyaMag:'],[]
2018-11-13 11:55:14,RT @WaizArd20: Ye statue of unity.. https://t.co/6cTOSvk6HO,[],[u'@WaizArd20:'],[u'https://t.co/6cTOSvk6HO']
2018-11-13 11:54:11,"RT @Vidyaraj51: At Statue of Unity, over hundred villagers sit in protest, demand jobs! What is more important for d struggling common man?‚Ä¶",[],[u'@Vidyaraj51:'],[]
2018-11-13 11:53:55,"RT @sgurumurthy: See how much falsehood was circulated and believed.

Fact Check: Who funded the tallest statue of the world? - Fact Check‚Ä¶",[],[u'@sgurumurthy:'],[]
2018-11-13 11:53:07,"RT @Vidyaraj51: At Statue of Unity, over hundred villagers sit in protest, demand jobs! What is more important for d struggling common man?‚Ä¶",[],[u'@Vidyaraj51:'],[]
2018-11-13 11:52:43,"Gujarat: At Statue of Unity, over hundred villagers sit in protest, demand jobs
The people, from villages including‚Ä¶ https://t.co/7R2J0udSKb",[],[],[u'https://t.co/7R2J0udSKb']
2018-11-13 11:52:37,"RT @saurabhpatelguj: Visit of the Statue Of Unity at Kevadia with the Deputy Chief Minister of Bihar Shri @SushilModi Ji.
#StatueOfUnity ht‚Ä¶",[],"[u'@saurabhpatelguj:', u'@SushilModi']",[]
2018-11-13 11:52:27,"RT @SwarajyaMag: The statue has already earned over Rs 2 crore in ticket sales within a short period of time

https://t.co/35lEOyM9ep",[],[u'@SwarajyaMag:'],[]
2018-11-13 11:52:24,"RT @PiyushGoyal: A Nation is as Strong as it is United, as Weak as it is Divided: A preview into the meticulous and technical planning that‚Ä¶",[],[u'@PiyushGoyal:'],[]
2018-11-13 11:52:23,"RT PiyushGoyal: A Nation is as Strong as it is United, as Weak as it is Divided: A preview into the meticulous and‚Ä¶ https://t.co/jXCRbPjmQS",[],[],[u'https://t.co/jXCRbPjmQS']
2018-11-13 11:52:17,"RT @PiyushGoyal: A Nation is as Strong as it is United, as Weak as it is Divided: A preview into the meticulous and technical planning that‚Ä¶",[],[u'@PiyushGoyal:'],[]
2018-11-13 11:51:59,"RT @FuseLaundry: We want Jobs !! 

Sardar Patel wanted to give them jobs. 

What did you give @narendramodi ? 

https://t.co/ZRUqN72J3b",[],"[u'@FuseLaundry:', u'@narendramodi']",[]
2018-11-13 11:51:14,"RT @PiyushGoyal: A Nation is as Strong as it is United, as Weak as it is Divided: A preview into the meticulous and technical planning that‚Ä¶",[],[u'@PiyushGoyal:'],[]
2018-11-13 11:50:22,"#NamoAgain #Namo2019Again for prestigious Bharat and Hindutva 
@RahulGandhi @rssurjewala @INCIndia

PM dedicates St‚Ä¶ https://t.co/MoFht0b2Et","[u'#NamoAgain', u'#Namo2019Again']","[u'@rssurjewala', u'@INCIndia\n\nPM']",[u'https://t.co/MoFht0b2Et']
2018-11-13 11:50:02,"RT @Vidyaraj51: At Statue of Unity, over hundred villagers sit in protest, demand jobs! What is more important for d struggling common man?‚Ä¶",[],[u'@Vidyaraj51:'],[]
2018-11-13 11:50:01,"RT @SwarajyaMag: The statue has already earned over Rs 2 crore in ticket sales within a short period of time

https://t.co/35lEOyM9ep",[],[u'@SwarajyaMag:'],[]
2018-11-13 11:49:41,"RT @UnSubtleDesi: Same lie over and over again about the Statue of Unity made in China #RahulGandhiLies

https://t.co/N0tbuEcE1F",[u'#RahulGandhiLies\n\nhttps://t.co/N0tbuEcE1F'],[u'@UnSubtleDesi:'],[]
2018-11-13 11:49:23,"RT @PiyushGoyal: A Nation is as Strong as it is United, as Weak as it is Divided: A preview into the meticulous and technical planning that‚Ä¶",[],[u'@PiyushGoyal:'],[]
2018-11-13 11:49:16,"RT @SwarajyaMag: The statue has already earned over Rs 2 crore in ticket sales within a short period of time

https://t.co/35lEOyM9ep",[],[u'@SwarajyaMag:'],[]
2018-11-13 11:49:00,"RT @Vidyaraj51: At Statue of Unity, over hundred villagers sit in protest, demand jobs! What is more important for d struggling common man?‚Ä¶",[],[u'@Vidyaraj51:'],[]
2018-11-13 11:48:52,"RT @iScrew: Gujarat: At Statue of Unity, over hundred villagers sit in protest, demand jobs https://t.co/UhIsXbuWu2 via @IndianExpress",[],"[u'@iScrew:', u'@IndianExpress']",[u'https://t.co/UhIsXbuWu2']
2018-11-13 11:48:51,"RT @PiyushGoyal: A Nation is as Strong as it is United, as Weak as it is Divided: A preview into the meticulous and technical planning that‚Ä¶",[],[u'@PiyushGoyal:'],[]
2018-11-13 11:48:12,"RT @Vidyaraj51: At Statue of Unity, over hundred villagers sit in protest, demand jobs! What is more important for d struggling common man?‚Ä¶",[],[u'@Vidyaraj51:'],[]
2018-11-13 11:47:42,At statue of unity https://t.co/RPJGbhHuFf,[],[],[u'https://t.co/RPJGbhHuFf']
2018-11-13 11:47:18,RT @bsindia: The cost of building the #StatueOfUnity was equivalent to around 90% of govt's annual budget for skill development and entrepr‚Ä¶,[u'#StatueOfUnity'],[u'@bsindia:'],[]
2018-11-13 11:47:14,"RT @PiyushGoyal: A Nation is as Strong as it is United, as Weak as it is Divided: A preview into the meticulous and technical planning that‚Ä¶",[],[u'@PiyushGoyal:'],[]
2018-11-13 11:46:54,"RT @PiyushGoyal: A Nation is as Strong as it is United, as Weak as it is Divided: A preview into the meticulous and technical planning that‚Ä¶",[],[u'@PiyushGoyal:'],[]
2018-11-13 11:46:50,"RT @vijayrupanibjp: Statue of Unity sees record 27,000 visitors on Saturday
https://t.co/vaLrAhdSUf

via NaMo App https://t.co/ssDDusPpUc",[],[u'@vijayrupanibjp:'],[u'https://t.co/ssDDusPpUc']
2018-11-13 11:46:47,"RT @Vidyaraj51: At Statue of Unity, over hundred villagers sit in protest, demand jobs! What is more important for d struggling common man?‚Ä¶",[],[u'@Vidyaraj51:'],[]
2018-11-13 11:46:22,RT @WaizArd20: Ye statue of unity.. https://t.co/6cTOSvk6HO,[],[u'@WaizArd20:'],[u'https://t.co/6cTOSvk6HO']
2018-11-13 11:46:17,"RT @UnSubtleDesi: Same lie over and over again about the Statue of Unity made in China #RahulGandhiLies

https://t.co/N0tbuEcE1F",[u'#RahulGandhiLies\n\nhttps://t.co/N0tbuEcE1F'],[u'@UnSubtleDesi:'],[]
2018-11-13 11:46:12,"RT @Vidyaraj51: At Statue of Unity, over hundred villagers sit in protest, demand jobs! What is more important for d struggling common man?‚Ä¶",[],[u'@Vidyaraj51:'],[]
2018-11-13 11:45:53,"RT @UnSubtleDesi: Same lie over and over again about the Statue of Unity made in China #RahulGandhiLies

https://t.co/N0tbuEcE1F",[u'#RahulGandhiLies\n\nhttps://t.co/N0tbuEcE1F'],[u'@UnSubtleDesi:'],[]
2018-11-13 11:44:59,RT @WaizArd20: Ye statue of unity.. https://t.co/6cTOSvk6HO,[],[u'@WaizArd20:'],[u'https://t.co/6cTOSvk6HO']
2018-11-13 11:44:58,"RT @iScrew: Gujarat: At Statue of Unity, over hundred villagers sit in protest, demand jobs https://t.co/UhIsXbuWu2 via @IndianExpress",[],"[u'@iScrew:', u'@IndianExpress']",[u'https://t.co/UhIsXbuWu2']
2018-11-13 11:44:31,"RT @SwarajyaMag: The statue has already earned over Rs 2 crore in ticket sales within a short period of time

https://t.co/35lEOyM9ep",[],[u'@SwarajyaMag:'],[]
2018-11-13 11:44:31,RT @WaizArd20: Ye statue of unity.. https://t.co/6cTOSvk6HO,[],[u'@WaizArd20:'],[u'https://t.co/6cTOSvk6HO']
2018-11-13 11:44:09,RT @WaizArd20: Ye statue of unity.. https://t.co/6cTOSvk6HO,[],[u'@WaizArd20:'],[u'https://t.co/6cTOSvk6HO']
2018-11-13 11:44:02,Gujarat: Sardar Patel's Statue Of Unity | Museum Inside Statue of Unity ... https://t.co/bSNYJgita2 via @YouTube,[],[u'@YouTube'],[u'https://t.co/bSNYJgita2']
2018-11-13 11:43:46,"RT @PiyushGoyal: A Nation is as Strong as it is United, as Weak as it is Divided: A preview into the meticulous and technical planning that‚Ä¶",[],[u'@PiyushGoyal:'],[]
2018-11-13 11:43:41,RT @WaizArd20: Ye statue of unity.. https://t.co/6cTOSvk6HO,[],[u'@WaizArd20:'],[u'https://t.co/6cTOSvk6HO']
2018-11-13 11:43:36,"RT @SwarajyaMag: The statue has already earned over Rs 2 crore in ticket sales within a short period of time

https://t.co/35lEOyM9ep",[],[u'@SwarajyaMag:'],[]
2018-11-13 11:43:14,RT @WaizArd20: Ye statue of unity.. https://t.co/6cTOSvk6HO,[],[u'@WaizArd20:'],[u'https://t.co/6cTOSvk6HO']
2018-11-13 11:42:51,RT @WaizArd20: Ye statue of unity.. https://t.co/6cTOSvk6HO,[],[u'@WaizArd20:'],[u'https://t.co/6cTOSvk6HO']
2018-11-13 11:42:09,Ye statue of unity.. https://t.co/6cTOSvk6HO,[],[],[u'https://t.co/6cTOSvk6HO']
2018-11-13 11:40:42,RT @Dr_JaySpeak: So this modern days sasta Aryabhatt @Dhruv_Rathee makes it to ndtv as the panelist to talk about FakeNews.Irony and journa‚Ä¶,[],"[u'@Dr_JaySpeak:', u'@Dhruv_Rathee']",[]
2018-11-13 11:40:03,"RT @ragarwal: For the enlightened souls fretting about Sardal Patel Statue of Unity worth 3000 Cr here's some info
245 Acres (12 Lakh SQ ya‚Ä¶",[],[u'@ragarwal:'],[]
2018-11-13 11:39:55,"RT @bhaiyyajispeaks: Family of Sardar Patel at Statue of Unity, My chest swells with pride today..this has to be the picture of the year. h‚Ä¶",[],[u'@bhaiyyajispeaks:'],[]
2018-11-13 11:39:48,"RT @iScrew: Gujarat: At Statue of Unity, over hundred villagers sit in protest, demand jobs https://t.co/UhIsXbuWu2 via @IndianExpress",[],"[u'@iScrew:', u'@IndianExpress']",[u'https://t.co/UhIsXbuWu2']
2018-11-13 11:39:21,"RT @iKaurRimi: Resrvations shud be given on the basis of economic cnditions,
*Child of an IAS(SC/ST)need resrvation?
*Child of a poor farme‚Ä¶",[],[u'@iKaurRimi:'],[]
2018-11-13 11:39:20,"RT @FuseLaundry: We want Jobs !! 

Sardar Patel wanted to give them jobs. 

What did you give @narendramodi ? 

https://t.co/ZRUqN72J3b",[],"[u'@FuseLaundry:', u'@narendramodi']",[]
2018-11-13 11:38:51,RT @ArvindSMewar: I remember my interview with Moving Pixels Private Limited in Udaipur. They were assigned to create a film on 'Sardar Val‚Ä¶,[],[u'@ArvindSMewar:'],[]
2018-11-13 11:38:36,"RT @PiyushGoyal: A Nation is as Strong as it is United, as Weak as it is Divided: A preview into the meticulous and technical planning that‚Ä¶",[],[u'@PiyushGoyal:'],[]
2018-11-13 11:38:23,"@singhkavinder @anandmahindra @clubmahindra @incredibleindia @MahindraRise 2.2 Cr Indians went abroad last year 
1‚Ä¶ https://t.co/mDxloAlWfr",[],"[u'@singhkavinder', u'@anandmahindra', u'@clubmahindra', u'@incredibleindia', u'@MahindraRise']",[u'https://t.co/mDxloAlWfr']
2018-11-13 11:37:51,"RT @SwarajyaMag: The statue has already earned over Rs 2 crore in ticket sales within a short period of time

https://t.co/35lEOyM9ep",[],[u'@SwarajyaMag:'],[]
2018-11-13 11:37:50,RT @dubsharma: just saw a cheesy advertisement on TV about how important statue of unity is to us. spending more money to normalise the dam‚Ä¶,[],[u'@dubsharma:'],[]
2018-11-13 11:37:39,"RT @UnSubtleDesi: Same lie over and over again about the Statue of Unity made in China #RahulGandhiLies

https://t.co/N0tbuEcE1F",[u'#RahulGandhiLies\n\nhttps://t.co/N0tbuEcE1F'],[u'@UnSubtleDesi:'],[]
2018-11-13 11:37:28,"RT @redditindia: Ministry of Love

Ministry of Peace

Ministry of Plenty

Ministry of Truth

Statue of unity.

--
#Orwell 

Credit: https:/‚Ä¶",[],[u'@redditindia:'],[u'https:/\u2026']
2018-11-13 11:36:51,"RT @SwarajyaMag: The statue has already earned over Rs 2 crore in ticket sales within a short period of time

https://t.co/35lEOyM9ep",[],[u'@SwarajyaMag:'],[]
2018-11-13 11:36:34,"RT @Vidyaraj51: At Statue of Unity, over hundred villagers sit in protest, demand jobs! What is more important for d struggling common man?‚Ä¶",[],[u'@Vidyaraj51:'],[]
2018-11-13 11:36:02,"RT @iScrew: Gujarat: At Statue of Unity, over hundred villagers sit in protest, demand jobs https://t.co/UhIsXbuWu2 via @IndianExpress",[],"[u'@iScrew:', u'@IndianExpress']",[u'https://t.co/UhIsXbuWu2']
2018-11-13 11:35:08,"RT @deepsealioness: Husband: I want to break the TV
Me: whoa! what happened to you
H: There is a statue of unity ad being played
M: doesn‚Äôt‚Ä¶",[],[u'@deepsealioness:'],[]
2018-11-13 11:35:04,"RT @iScrew: Gujarat: At Statue of Unity, over hundred villagers sit in protest, demand jobs https://t.co/UhIsXbuWu2 via @IndianExpress",[],"[u'@iScrew:', u'@IndianExpress']",[u'https://t.co/UhIsXbuWu2']
2018-11-13 11:34:08,"RT @PiyushGoyal: A Nation is as Strong as it is United, as Weak as it is Divided: A preview into the meticulous and technical planning that‚Ä¶",[],[u'@PiyushGoyal:'],[]
2018-11-13 11:33:47,RT @Hindu_GJ: @tv9gujarati only chutiyas can think that Statue of Unity of Sardar is built to earn and make business only. Sardar Patel had‚Ä¶,[],"[u'@Hindu_GJ:', u'@tv9gujarati']",[]
2018-11-13 11:33:20,"RT @SwarajyaMag: The statue has already earned over Rs 2 crore in ticket sales within a short period of time

https://t.co/35lEOyM9ep",[],[u'@SwarajyaMag:'],[]
2018-11-13 11:33:16,"RT @iPankajShukla: #StatueOfUnity attracts 1 lakh visitors in just 10 days, earns Rs 2.1 crores  https://t.co/po2uHiWu3E",[u'#StatueOfUnity'],[u'@iPankajShukla:'],[u'https://t.co/po2uHiWu3E']
2018-11-13 11:33:15,"RT SwarajyaMag: The statue has already earned over Rs 2 crore in ticket sales within a short period of time

https://t.co/mZ7QQlligr",[],[],[]
2018-11-13 11:32:31,"RT @Vidyaraj51: At Statue of Unity, over hundred villagers sit in protest, demand jobs! What is more important for d struggling common man?‚Ä¶",[],[u'@Vidyaraj51:'],[]
2018-11-13 11:32:31,"RT @iScrew: Gujarat: At Statue of Unity, over hundred villagers sit in protest, demand jobs https://t.co/UhIsXbuWu2 via @IndianExpress",[],"[u'@iScrew:', u'@IndianExpress']",[u'https://t.co/UhIsXbuWu2']
2018-11-13 11:31:50,"RT @YourGalNeha: After coming to know that @narendramodi had diverted CSR funds from several PSUs for construction of #Statue_Of_Unity, #Sa‚Ä¶","[u'#Statue_Of_Unity,', u'#Sa\u2026']","[u'@YourGalNeha:', u'@narendramodi']",[]
2018-11-13 11:31:45,"RT @FuseLaundry: We want Jobs !! 

Sardar Patel wanted to give them jobs. 

What did you give @narendramodi ? 

https://t.co/ZRUqN72J3b",[],"[u'@FuseLaundry:', u'@narendramodi']",[]
2018-11-13 11:31:39,"RT @Vidyaraj51: At Statue of Unity, over hundred villagers sit in protest, demand jobs! What is more important for d struggling common man?‚Ä¶",[],[u'@Vidyaraj51:'],[]
2018-11-13 11:31:36,"RT @SwarajyaMag: The statue has already earned over Rs 2 crore in ticket sales within a short period of time

https://t.co/35lEOyM9ep",[],[u'@SwarajyaMag:'],[]
2018-11-13 11:31:20,"RT @Vidyaraj51: At Statue of Unity, over hundred villagers sit in protest, demand jobs! What is more important for d struggling common man?‚Ä¶",[],[u'@Vidyaraj51:'],[]
2018-11-13 11:31:11,"RT @jitu_vaghani: Statue of Unity attracts 1 lakh visitors in just 10 days, earns Rs 2.1 crores reports  ‚Å¶@OpIndia_com‚Å©  https://t.co/auqdY‚Ä¶",[],[u'@jitu_vaghani:'],[u'https://t.co/auqdY\u2026']
2018-11-13 11:31:06,"RT @Vidyaraj51: At Statue of Unity, over hundred villagers sit in protest, demand jobs! What is more important for d struggling common man?‚Ä¶",[],[u'@Vidyaraj51:'],[]
2018-11-13 11:30:50,"RT @Vidyaraj51: At Statue of Unity, over hundred villagers sit in protest, demand jobs! What is more important for d struggling common man?‚Ä¶",[],[u'@Vidyaraj51:'],[]
2018-11-13 11:30:49,"RT @AMadumoole: @bainjal It was not an interview , it was an image re-building exercise by @ANI &amp; Smita Prakash. Don't they know that re-bu‚Ä¶",[],"[u'@AMadumoole:', u'@bainjal', u'@ANI']",[]
2018-11-13 11:30:28,"RT @PiyushGoyal: A Nation is as Strong as it is United, as Weak as it is Divided: A preview into the meticulous and technical planning that‚Ä¶",[],[u'@PiyushGoyal:'],[]
2018-11-13 11:30:00,"The statue has already earned over Rs 2 crore in ticket sales within a short period of time

https://t.co/35lEOyM9ep",[],[],[]
2018-11-13 11:29:35,"RT @PiyushGoyal: A Nation is as Strong as it is United, as Weak as it is Divided: A preview into the meticulous and technical planning that‚Ä¶",[],[u'@PiyushGoyal:'],[]
2018-11-13 11:29:34,"RT @PiyushGoyal: A Nation is as Strong as it is United, as Weak as it is Divided: A preview into the meticulous and technical planning that‚Ä¶",[],[u'@PiyushGoyal:'],[]
2018-11-13 11:29:22,"RT @ShradhaMerkhed: Days: 9
Total visitors: 74,671
Total revenue: ‚Çπ 1,76,84,465
This is Statue of Unity's 9 days Collection. #StatueOfUnity‚Ä¶",[u'#StatueOfUnity\u2026'],[u'@ShradhaMerkhed:'],[]
2018-11-13 11:29:21,"RT @BJP4Maharashtra: Statue of Unity sees record 27,000 visitors on Saturday.
https://t.co/0OXTfryBVB https://t.co/ZXVcWqKC6q",[],[u'@BJP4Maharashtra:'],[u'https://t.co/ZXVcWqKC6q']
2018-11-13 11:29:02,"RT @republic: Almost 1.28 lakh tourists have visited the #StatueofUnity in 11 days in Gujarat.

https://t.co/2K3xNwDw6J",[u'#StatueofUnity'],[u'@republic:'],[]
2018-11-13 11:28:58,"At Statue of Unity, over hundred villagers sit in protest, demand jobs! What is more important for d struggling com‚Ä¶ https://t.co/g96512kEnv",[],[],[u'https://t.co/g96512kEnv']
2018-11-13 11:27:59,"RT @saurabhpatelguj: Visit of the Statue Of Unity at Kevadia with the Deputy Chief Minister of Bihar Shri @SushilModi Ji.
#StatueOfUnity ht‚Ä¶",[],"[u'@saurabhpatelguj:', u'@SushilModi']",[]
2018-11-13 11:27:35,"RT @PiyushGoyal: A Nation is as Strong as it is United, as Weak as it is Divided: A preview into the meticulous and technical planning that‚Ä¶",[],[u'@PiyushGoyal:'],[]
2018-11-13 11:27:34,"RT @PiyushGoyal: A Nation is as Strong as it is United, as Weak as it is Divided: A preview into the meticulous and technical planning that‚Ä¶",[],[u'@PiyushGoyal:'],[]
2018-11-13 11:27:04,Statue of Unity: The Harsh Reality | Analysis by Kumar Shyam https://t.co/Ysi3ZtjDFr via @YouTube,[],[u'@YouTube'],[u'https://t.co/Ysi3ZtjDFr']
2018-11-13 11:26:42,"RT @PiyushGoyal: A Nation is as Strong as it is United, as Weak as it is Divided: A preview into the meticulous and technical planning that‚Ä¶",[],[u'@PiyushGoyal:'],[]
2018-11-13 11:26:35,"RT @bhaiyyajispeaks: Family of Sardar Patel at Statue of Unity, My chest swells with pride today..this has to be the picture of the year. h‚Ä¶",[],[u'@bhaiyyajispeaks:'],[]
2018-11-13 11:26:07,"RT @iScrew: Gujarat: At Statue of Unity, over hundred villagers sit in protest, demand jobs https://t.co/UhIsXbuWu2 via @IndianExpress",[],"[u'@iScrew:', u'@IndianExpress']",[u'https://t.co/UhIsXbuWu2']
2018-11-13 11:25:58,"RT @iKaurRimi: Resrvations shud be given on the basis of economic cnditions,
*Child of an IAS(SC/ST)need resrvation?
*Child of a poor farme‚Ä¶",[],[u'@iKaurRimi:'],[]
2018-11-13 11:25:09,"RT @ShradhaMerkhed: Days: 9
Total visitors: 74,671
Total revenue: ‚Çπ 1,76,84,465
This is Statue of Unity's 9 days Collection. #StatueOfUnity‚Ä¶",[u'#StatueOfUnity\u2026'],[u'@ShradhaMerkhed:'],[]
2018-11-13 11:24:37,"Visit of the Statue Of Unity at Kevadia with the Deputy Chief Minister of Bihar Shri @SushilModi Ji.
#StatueOfUnity https://t.co/1t0TTtezLO",[],[u'@SushilModi'],[u'https://t.co/1t0TTtezLO']
2018-11-13 11:24:25,"RT @PiyushGoyal: A Nation is as Strong as it is United, as Weak as it is Divided: A preview into the meticulous and technical planning that‚Ä¶",[],[u'@PiyushGoyal:'],[]
2018-11-13 11:24:06,RT @MeiyangChang: Statue of (Imp)unity ü§î,[],[u'@MeiyangChang:'],[]
2018-11-13 11:24:02,RT @MeiyangChang: Statue of (opport)unity üòá,[],[u'@MeiyangChang:'],[]
2018-11-13 11:22:56,"RT @PiyushGoyal: A Nation is as Strong as it is United, as Weak as it is Divided: A preview into the meticulous and technical planning that‚Ä¶",[],[u'@PiyushGoyal:'],[]
2018-11-13 11:22:19,"RT @PiyushGoyal: A Nation is as Strong as it is United, as Weak as it is Divided: A preview into the meticulous and technical planning that‚Ä¶",[],[u'@PiyushGoyal:'],[]
2018-11-13 11:22:18,"RT @AskAnshul: Statue of Unity Sardar Patel

1st Nov: Tourists 2,737 &amp; Revenue Rs 5 Lakh
Liberals: It'll take 1000s of years to recover cos‚Ä¶",[],[u'@AskAnshul:'],[]
2018-11-13 11:21:34,Towering tribute to a towering leader. Will the Statue of Unity bring unity to India? https://t.co/VBVuOVdmYW via @MayapurVoice,[],[u'@MayapurVoice'],[u'https://t.co/VBVuOVdmYW']
2018-11-13 11:21:24,"RT @NileshShah68: 2.2 Cr Indians went abroad last year 
1 Cr foreigners visited India.
Domestic Tourism is one of the answer to Growth, Job‚Ä¶",[],[u'@NileshShah68:'],[]
2018-11-13 11:21:07,"RT @PiyushGoyal: A Nation is as Strong as it is United, as Weak as it is Divided: A preview into the meticulous and technical planning that‚Ä¶",[],[u'@PiyushGoyal:'],[]
2018-11-13 11:20:36,"RT @iScrew: Gujarat: At Statue of Unity, over hundred villagers sit in protest, demand jobs https://t.co/UhIsXbuWu2 via @IndianExpress",[],"[u'@iScrew:', u'@IndianExpress']",[u'https://t.co/UhIsXbuWu2']
2018-11-13 11:20:30,"Hotel Lords Plaza Ankeshwar , Welcomes all the Guest Who Visit Statue of Unity.
#STATEOFUNITY #3STARTHOTEL 
If you‚Ä¶ https://t.co/mtspaBiMem",[u'#3STARTHOTEL'],[],[u'https://t.co/mtspaBiMem']
2018-11-13 11:20:14,"RT @UnSubtleDesi: Same lie over and over again about the Statue of Unity made in China #RahulGandhiLies

https://t.co/N0tbuEcE1F",[u'#RahulGandhiLies\n\nhttps://t.co/N0tbuEcE1F'],[u'@UnSubtleDesi:'],[]
2018-11-13 11:16:36,"RT @PiyushGoyal: A Nation is as Strong as it is United, as Weak as it is Divided: A preview into the meticulous and technical planning that‚Ä¶",[],[u'@PiyushGoyal:'],[]
2018-11-13 11:16:30,"RT @iScrew: Gujarat: At Statue of Unity, over hundred villagers sit in protest, demand jobs https://t.co/UhIsXbuWu2 via @IndianExpress",[],"[u'@iScrew:', u'@IndianExpress']",[u'https://t.co/UhIsXbuWu2']
2018-11-13 11:16:16,"RT @iKaurRimi: Resrvations shud be given on the basis of economic cnditions,
*Child of an IAS(SC/ST)need resrvation?
*Child of a poor farme‚Ä¶",[],[u'@iKaurRimi:'],[]
2018-11-13 11:16:15,"RT @PiyushGoyal: A Nation is as Strong as it is United, as Weak as it is Divided: A preview into the meticulous and technical planning that‚Ä¶",[],[u'@PiyushGoyal:'],[]
2018-11-13 11:15:55,"RT @iKaurRimi: Resrvations shud be given on the basis of economic cnditions,
*Child of an IAS(SC/ST)need resrvation?
*Child of a poor farme‚Ä¶",[],[u'@iKaurRimi:'],[]
2018-11-13 11:15:23,"RT @HusnaPervez: More reaction to India's #StatueOfUntiy. 
UK MP calls idea of building Statue of Unity 'nonsense', says Britain should not‚Ä¶",[u'#StatueOfUntiy.'],[u'@HusnaPervez:'],[]
2018-11-13 11:15:07,"RT @bhaiyyajispeaks: Family of Sardar Patel at Statue of Unity, My chest swells with pride today..this has to be the picture of the year. h‚Ä¶",[],[u'@bhaiyyajispeaks:'],[]
2018-11-13 11:13:50,"RT @UnSubtleDesi: Same lie over and over again about the Statue of Unity made in China #RahulGandhiLies

https://t.co/N0tbuEcE1F",[u'#RahulGandhiLies\n\nhttps://t.co/N0tbuEcE1F'],[u'@UnSubtleDesi:'],[]
2018-11-13 11:13:07,"RT @FuseLaundry: We want Jobs !! 

Sardar Patel wanted to give them jobs. 

What did you give @narendramodi ? 

https://t.co/ZRUqN72J3b",[],"[u'@FuseLaundry:', u'@narendramodi']",[]
2018-11-13 11:12:56,"RT @iScrew: Gujarat: At Statue of Unity, over hundred villagers sit in protest, demand jobs https://t.co/UhIsXbuWu2 via @IndianExpress",[],"[u'@iScrew:', u'@IndianExpress']",[u'https://t.co/UhIsXbuWu2']
2018-11-13 11:11:57,"RT @PiyushGoyal: A Nation is as Strong as it is United, as Weak as it is Divided: A preview into the meticulous and technical planning that‚Ä¶",[],[u'@PiyushGoyal:'],[]
2018-11-13 11:11:53,"RT @iScrew: Gujarat: At Statue of Unity, over hundred villagers sit in protest, demand jobs https://t.co/UhIsXbuWu2 via @IndianExpress",[],"[u'@iScrew:', u'@IndianExpress']",[u'https://t.co/UhIsXbuWu2']
2018-11-13 11:10:24,"RT @PiyushGoyal: A Nation is as Strong as it is United, as Weak as it is Divided: A preview into the meticulous and technical planning that‚Ä¶",[],[u'@PiyushGoyal:'],[]
2018-11-13 11:10:02,"RT @PiyushGoyal: A Nation is as Strong as it is United, as Weak as it is Divided: A preview into the meticulous and technical planning that‚Ä¶",[],[u'@PiyushGoyal:'],[]
2018-11-13 11:08:08,"RT @FuseLaundry: We want Jobs !! 

Sardar Patel wanted to give them jobs. 

What did you give @narendramodi ? 

https://t.co/ZRUqN72J3b",[],"[u'@FuseLaundry:', u'@narendramodi']",[]
2018-11-13 11:07:00,"Gujarat: At Statue of Unity, over hundred villagers sit in protest, demand jobs | The Indian Express https://t.co/z30y4mhKee",[],[],[u'https://t.co/z30y4mhKee']
2018-11-13 11:06:12,"RT @iScrew: Gujarat: At Statue of Unity, over hundred villagers sit in protest, demand jobs https://t.co/UhIsXbuWu2 via @IndianExpress",[],"[u'@iScrew:', u'@IndianExpress']",[u'https://t.co/UhIsXbuWu2']
2018-11-13 11:06:11,"RT @PiyushGoyal: A Nation is as Strong as it is United, as Weak as it is Divided: A preview into the meticulous and technical planning that‚Ä¶",[],[u'@PiyushGoyal:'],[]
2018-11-13 11:05:17,"#RT @Psm_cuts: If We Could Build Statue of Unity on Time, Why Can't We Find That Will for Everything Else, Asks Rag‚Ä¶ https://t.co/0w6NXXZyEG",[u'#RT'],[u'@Psm_cuts:'],[u'https://t.co/0w6NXXZyEG']
2018-11-13 11:04:16,How to Make the Statue of Unity the world's Largest Monument? ‚Äì [Hindi] ‚Äì Quick Support.  ‡§á‡§∏... https://t.co/JjcA47BJJ9,[],[],[u'https://t.co/JjcA47BJJ9']
2018-11-13 11:03:48,"RT @PiyushGoyal: A Nation is as Strong as it is United, as Weak as it is Divided: A preview into the meticulous and technical planning that‚Ä¶",[],[u'@PiyushGoyal:'],[]
2018-11-13 11:03:42,"RT @iScrew: Gujarat: At Statue of Unity, over hundred villagers sit in protest, demand jobs https://t.co/UhIsXbuWu2 via @IndianExpress",[],"[u'@iScrew:', u'@IndianExpress']",[u'https://t.co/UhIsXbuWu2']
2018-11-13 11:03:40,"RT @iScrew: Gujarat: At Statue of Unity, over hundred villagers sit in protest, demand jobs https://t.co/UhIsXbuWu2 via @IndianExpress",[],"[u'@iScrew:', u'@IndianExpress']",[u'https://t.co/UhIsXbuWu2']
2018-11-13 11:03:39,"RT @PiyushGoyal: A Nation is as Strong as it is United, as Weak as it is Divided: A preview into the meticulous and technical planning that‚Ä¶",[],[u'@PiyushGoyal:'],[]
2018-11-13 11:03:22,"@InfoGujarat @YouTube Statue  of  Unity  is example of  return journey 
on oneway  ticket  Modi  Style 
Great",[],"[u'@InfoGujarat', u'@YouTube']",[]
2018-11-13 11:03:16,RT @bsindia: The cost of building the #StatueOfUnity was equivalent to around 90% of govt's annual budget for skill development and entrepr‚Ä¶,[u'#StatueOfUnity'],[u'@bsindia:'],[]
2018-11-13 11:02:47,"RT @PiyushGoyal: A Nation is as Strong as it is United, as Weak as it is Divided: A preview into the meticulous and technical planning that‚Ä¶",[],[u'@PiyushGoyal:'],[]
2018-11-13 11:02:10,"RT @Ra_Bies: Thousands of ppl visiting Statue of Unity would not only cause pollution, garbage but will also increase the traffic jams, hig‚Ä¶",[],[u'@Ra_Bies:'],[]
2018-11-13 11:00:08,"RT @FuseLaundry: We want Jobs !! 

Sardar Patel wanted to give them jobs. 

What did you give @narendramodi ? 

https://t.co/ZRUqN72J3b",[],"[u'@FuseLaundry:', u'@narendramodi']",[]
2018-11-13 10:59:50,"RT @PiyushGoyal: A Nation is as Strong as it is United, as Weak as it is Divided: A preview into the meticulous and technical planning that‚Ä¶",[],[u'@PiyushGoyal:'],[]
2018-11-13 10:59:05,Pragatisheel Gujarat - Statue of Unity special https://t.co/V8mHwAbNUw via @YouTube,[],[u'@YouTube'],[u'https://t.co/V8mHwAbNUw']
2018-11-13 10:58:28,"RT @BloombergQuint: The $400 million spent on the #StatueOfUnity could have paved over countless potholed highways or irrigated 40,000 hect‚Ä¶",[u'#StatueOfUnity'],[u'@BloombergQuint:'],[]
2018-11-13 10:58:18,@CMOGuj @narendramodi @TOIAhmedabad @PMOIndia @vijayrupanibjp @GujaratPolice @HMOIndia It will take more than 85 ye‚Ä¶ https://t.co/EZN4ZFhSRe,[],"[u'@CMOGuj', u'@narendramodi', u'@TOIAhmedabad', u'@PMOIndia', u'@vijayrupanibjp', u'@GujaratPolice', u'@HMOIndia']",[u'https://t.co/EZN4ZFhSRe']
2018-11-13 10:57:55,"RT @PiyushGoyal: A Nation is as Strong as it is United, as Weak as it is Divided: A preview into the meticulous and technical planning that‚Ä¶",[],[u'@PiyushGoyal:'],[]
2018-11-13 10:56:29,"RT @iScrew: Gujarat: At Statue of Unity, over hundred villagers sit in protest, demand jobs https://t.co/UhIsXbuWu2 via @IndianExpress",[],"[u'@iScrew:', u'@IndianExpress']",[u'https://t.co/UhIsXbuWu2']
2018-11-13 10:56:15,@PiyushGoyal It generates revenue also the statue of unity of Sardar neglected by one family NG family name NG family its full form pl,[],[u'@PiyushGoyal'],[]
2018-11-13 10:54:52,"RT @FuseLaundry: We want Jobs !! 

Sardar Patel wanted to give them jobs. 

What did you give @narendramodi ? 

https://t.co/ZRUqN72J3b",[],"[u'@FuseLaundry:', u'@narendramodi']",[]
2018-11-13 10:54:49,"RT @PiyushGoyal: A Nation is as Strong as it is United, as Weak as it is Divided: A preview into the meticulous and technical planning that‚Ä¶",[],[u'@PiyushGoyal:'],[]
2018-11-13 10:54:48,"RT @iKaurRimi: Resrvations shud be given on the basis of economic cnditions,
*Child of an IAS(SC/ST)need resrvation?
*Child of a poor farme‚Ä¶",[],[u'@iKaurRimi:'],[]
2018-11-13 10:53:57,"RT @NileshShah68: 2.2 Cr Indians went abroad last year 
1 Cr foreigners visited India.
Domestic Tourism is one of the answer to Growth, Job‚Ä¶",[],[u'@NileshShah68:'],[]
2018-11-13 10:53:48,"RT @iScrew: Gujarat: At Statue of Unity, over hundred villagers sit in protest, demand jobs https://t.co/UhIsXbuWu2 via @IndianExpress",[],"[u'@iScrew:', u'@IndianExpress']",[u'https://t.co/UhIsXbuWu2']
2018-11-13 10:53:47,"RT @PiyushGoyal: A Nation is as Strong as it is United, as Weak as it is Divided: A preview into the meticulous and technical planning that‚Ä¶",[],[u'@PiyushGoyal:'],[]
2018-11-13 10:52:57,@iScrew @IndianExpress Unity shown by' protest  at the statue of liberty'-!,[],"[u'@iScrew', u'@IndianExpress']",[]
2018-11-13 10:52:51,"RT @NileshShah68: 2.2 Cr Indians went abroad last year 
1 Cr foreigners visited India.
Domestic Tourism is one of the answer to Growth, Job‚Ä¶",[],[u'@NileshShah68:'],[]
2018-11-13 10:52:49,"Statue of Unity sees record 27,000 visitors on Saturday https://t.co/QzQAjjqCIj",[],[],[u'https://t.co/QzQAjjqCIj']
2018-11-13 10:52:28,RT @achyuta_samanta: Salute to Sardar Patel - Bismark of India!  https://t.co/7IWxc5RwDO,[],[u'@achyuta_samanta:'],[u'https://t.co/7IWxc5RwDO']
2018-11-13 10:52:24,"RT @PiyushGoyal: A Nation is as Strong as it is United, as Weak as it is Divided: A preview into the meticulous and technical planning that‚Ä¶",[],[u'@PiyushGoyal:'],[]
2018-11-13 10:52:14,"RT @PiyushGoyal: A Nation is as Strong as it is United, as Weak as it is Divided: A preview into the meticulous and technical planning that‚Ä¶",[],[u'@PiyushGoyal:'],[]
2018-11-13 10:51:22,"RT @PiyushGoyal: A Nation is as Strong as it is United, as Weak as it is Divided: A preview into the meticulous and technical planning that‚Ä¶",[],[u'@PiyushGoyal:'],[]
2018-11-13 10:51:08,"RT @timesofindia: Statue of Unity sees record 27,000 visitors on Saturday https://t.co/EPtyc33UIl https://t.co/WNdA4j3KwT",[],[u'@timesofindia:'],"[u'https://t.co/EPtyc33UIl', u'https://t.co/WNdA4j3KwT']"
2018-11-13 10:50:50,"RT @PiyushGoyal: A Nation is as Strong as it is United, as Weak as it is Divided: A preview into the meticulous and technical planning that‚Ä¶",[],[u'@PiyushGoyal:'],[]
2018-11-13 10:50:37,"RT @timesofindia: Statue of Unity sees record 27,000 visitors on Saturday https://t.co/EPtyc33UIl https://t.co/WNdA4j3KwT",[],[u'@timesofindia:'],"[u'https://t.co/EPtyc33UIl', u'https://t.co/WNdA4j3KwT']"
2018-11-13 10:50:29,"RT @SSAhluwaliaMP: Statue of Unity sees record 27,000 visitors on Saturday
https://t.co/mkAPYMYGiX

via NaMo App https://t.co/xLmlnEKWxX",[],[u'@SSAhluwaliaMP:'],[u'https://t.co/xLmlnEKWxX']
2018-11-13 10:49:51,"RT @SSAhluwaliaMP: Statue of Unity sees record 27,000 visitors on Saturday
https://t.co/mkAPYMYGiX

via NaMo App https://t.co/cN5uVZov6h",[],[u'@SSAhluwaliaMP:'],[u'https://t.co/cN5uVZov6h']
2018-11-13 10:49:18,"RT @mvmeet: Days: 9

Total visitors: 74,671
Total revenue: Rs 1,76, 84, 465

This is Statue of Unity's nine day collection

Slaves, what do‚Ä¶",[],[u'@mvmeet:'],[]
2018-11-13 10:49:02,"@bainjal It was not an interview , it was an image re-building exercise by @ANI &amp; Smita Prakash. Don't they know th‚Ä¶ https://t.co/RhvTQ2Jq9A",[],"[u'@bainjal', u'@ANI']",[u'https://t.co/RhvTQ2Jq9A']
2018-11-13 10:48:32,"RT @PiyushGoyal: A Nation is as Strong as it is United, as Weak as it is Divided: A preview into the meticulous and technical planning that‚Ä¶",[],[u'@PiyushGoyal:'],[]
2018-11-13 10:48:29,"RT @deepsealioness: Husband: I want to break the TV
Me: whoa! what happened to you
H: There is a statue of unity ad being played
M: doesn‚Äôt‚Ä¶",[],[u'@deepsealioness:'],[]
2018-11-13 10:48:15,"RT @FuseLaundry: We want Jobs !! 

Sardar Patel wanted to give them jobs. 

What did you give @narendramodi ? 

https://t.co/ZRUqN72J3b",[],"[u'@FuseLaundry:', u'@narendramodi']",[]
2018-11-13 10:48:04,"RT @UnSubtleDesi: Same lie over and over again about the Statue of Unity made in China #RahulGandhiLies

https://t.co/N0tbuEcE1F",[u'#RahulGandhiLies\n\nhttps://t.co/N0tbuEcE1F'],[u'@UnSubtleDesi:'],[]
2018-11-13 10:46:44,"RT @TheAhmedShariff: Imagine a street food vendor in the area, how much his business must have increased. This is how the statue is ""helpin‚Ä¶",[],[u'@TheAhmedShariff:'],[]
2018-11-13 10:46:34,"RT @PiyushGoyal: A Nation is as Strong as it is United, as Weak as it is Divided: A preview into the meticulous and technical planning that‚Ä¶",[],[u'@PiyushGoyal:'],[]
2018-11-13 10:46:19,"RT @iScrew: Gujarat: At Statue of Unity, over hundred villagers sit in protest, demand jobs https://t.co/UhIsXbuWu2 via @IndianExpress",[],"[u'@iScrew:', u'@IndianExpress']",[u'https://t.co/UhIsXbuWu2']
2018-11-13 10:46:17,"RT @iScrew: Gujarat: At Statue of Unity, over hundred villagers sit in protest, demand jobs https://t.co/UhIsXbuWu2 via @IndianExpress",[],"[u'@iScrew:', u'@IndianExpress']",[u'https://t.co/UhIsXbuWu2']
2018-11-13 10:45:31,"RT @PiyushGoyal: A Nation is as Strong as it is United, as Weak as it is Divided: A preview into the meticulous and technical planning that‚Ä¶",[],[u'@PiyushGoyal:'],[]
2018-11-13 10:45:16,"RT @FuseLaundry: We want Jobs !! 

Sardar Patel wanted to give them jobs. 

What did you give @narendramodi ? 

https://t.co/ZRUqN72J3b",[],"[u'@FuseLaundry:', u'@narendramodi']",[]
2018-11-13 10:45:15,"RT @TigersBloodCell: Gujarat: At Statue of Unity, over hundred villagers sit in protest, demand jobs | The Indian Express https://t.co/bZUE‚Ä¶",[],[u'@TigersBloodCell:'],[u'https://t.co/bZUE\u2026']
2018-11-13 10:45:15,India‚Äôs infrastructure could use a dose of ironclad resolve that got Statue of Unity done https://t.co/A5RJ1HkG86 via @ThePrintIndia,[],[u'@ThePrintIndia'],[u'https://t.co/A5RJ1HkG86']
2018-11-13 10:44:58,"RT @iScrew: Gujarat: At Statue of Unity, over hundred villagers sit in protest, demand jobs https://t.co/UhIsXbuWu2 via @IndianExpress",[],"[u'@iScrew:', u'@IndianExpress']",[u'https://t.co/UhIsXbuWu2']
2018-11-13 10:43:34,"RT @iScrew: Gujarat: At Statue of Unity, over hundred villagers sit in protest, demand jobs https://t.co/UhIsXbuWu2 via @IndianExpress",[],"[u'@iScrew:', u'@IndianExpress']",[u'https://t.co/UhIsXbuWu2']
2018-11-13 10:43:22,"RT @PiyushGoyal: A Nation is as Strong as it is United, as Weak as it is Divided: A preview into the meticulous and technical planning that‚Ä¶",[],[u'@PiyushGoyal:'],[]
2018-11-13 10:42:58,"RT @PiyushGoyal: A Nation is as Strong as it is United, as Weak as it is Divided: A preview into the meticulous and technical planning that‚Ä¶",[],[u'@PiyushGoyal:'],[]
2018-11-13 10:42:56,"RT @FuseLaundry: We want Jobs !! 

Sardar Patel wanted to give them jobs. 

What did you give @narendramodi ? 

https://t.co/ZRUqN72J3b",[],"[u'@FuseLaundry:', u'@narendramodi']",[]
2018-11-13 10:42:25,RT @dezeen: It's four times the size of the Statue of Liberty. https://t.co/K5pdmobEqY,[],[u'@dezeen:'],[u'https://t.co/K5pdmobEqY']
2018-11-13 10:42:06,"RT @FuseLaundry: We want Jobs !! 

Sardar Patel wanted to give them jobs. 

What did you give @narendramodi ? 

https://t.co/ZRUqN72J3b",[],"[u'@FuseLaundry:', u'@narendramodi']",[]
2018-11-13 10:41:55,Statue of Unity: The Harsh Reality | Analysis by Dhruv Rathee https://t.co/jF3cx70oVN via @YouTube,[],[u'@YouTube'],[u'https://t.co/jF3cx70oVN']
2018-11-13 10:41:52,"RT @iScrew: Gujarat: At Statue of Unity, over hundred villagers sit in protest, demand jobs https://t.co/UhIsXbuWu2 via @IndianExpress",[],"[u'@iScrew:', u'@IndianExpress']",[u'https://t.co/UhIsXbuWu2']
2018-11-13 10:41:49,Point. https://t.co/h7m8xpM0dW,[],[],[u'https://t.co/h7m8xpM0dW']
2018-11-13 10:41:28,"RT @iScrew: Gujarat: At Statue of Unity, over hundred villagers sit in protest, demand jobs https://t.co/UhIsXbuWu2 via @IndianExpress",[],"[u'@iScrew:', u'@IndianExpress']",[u'https://t.co/UhIsXbuWu2']
2018-11-13 10:41:15,"We want Jobs !! 

Sardar Patel wanted to give them jobs. 

What did you give @narendramodi ? 

https://t.co/ZRUqN72J3b",[],[u'@narendramodi'],[]
2018-11-13 10:41:08,"RT @PiyushGoyal: A Nation is as Strong as it is United, as Weak as it is Divided: A preview into the meticulous and technical planning that‚Ä¶",[],[u'@PiyushGoyal:'],[]
2018-11-13 10:40:45,"RT @UnSubtleDesi: Same lie over and over again about the Statue of Unity made in China #RahulGandhiLies

https://t.co/N0tbuEcE1F",[u'#RahulGandhiLies\n\nhttps://t.co/N0tbuEcE1F'],[u'@UnSubtleDesi:'],[]
2018-11-13 10:39:57,"RT @PiyushGoyal: A Nation is as Strong as it is United, as Weak as it is Divided: A preview into the meticulous and technical planning that‚Ä¶",[],[u'@PiyushGoyal:'],[]
2018-11-13 10:39:53,"RT @iKaurRimi: Resrvations shud be given on the basis of economic cnditions,
*Child of an IAS(SC/ST)need resrvation?
*Child of a poor farme‚Ä¶",[],[u'@iKaurRimi:'],[]
2018-11-13 10:38:08,"RT @iScrew: Gujarat: At Statue of Unity, over hundred villagers sit in protest, demand jobs https://t.co/UhIsXbuWu2 via @IndianExpress",[],"[u'@iScrew:', u'@IndianExpress']",[u'https://t.co/UhIsXbuWu2']
2018-11-13 10:37:23,"RT @PiyushGoyal: A Nation is as Strong as it is United, as Weak as it is Divided: A preview into the meticulous and technical planning that‚Ä¶",[],[u'@PiyushGoyal:'],[]
2018-11-13 10:35:09,"RT @republic: Over 1.28 lakh tourists visit Statue Of Unity in 11 days in Gujarat
https://t.co/2K3xNwlUI9",[],[u'@republic:'],[]
2018-11-13 10:34:55,"RT @PiyushGoyal: A Nation is as Strong as it is United, as Weak as it is Divided: A preview into the meticulous and technical planning that‚Ä¶",[],[u'@PiyushGoyal:'],[]
2018-11-13 10:33:28,"Statue of Unity. 

What a marvellous structure. Great things require huge commitments &amp; who else than our PM‚Ä¶ https://t.co/kqPYlgcjkw",[],[],[u'https://t.co/kqPYlgcjkw']
2018-11-13 10:33:09,RT @anandraaj07: #StatueOfUntiy : A symbol of inefficient impotent disastrous Modi government  and a  display of nationalism at the cost of‚Ä¶,[u'#StatueOfUntiy'],[u'@anandraaj07:'],[]
2018-11-13 10:32:59,"RT @deepsealioness: Husband: I want to break the TV
Me: whoa! what happened to you
H: There is a statue of unity ad being played
M: doesn‚Äôt‚Ä¶",[],[u'@deepsealioness:'],[]
2018-11-13 10:32:28,I liked a @YouTube video https://t.co/BZMyZ1ftWM Statue of Unity: The Harsh Reality | Analysis by Dhruv Rathee,[],[u'@YouTube'],[u'https://t.co/BZMyZ1ftWM']
